,SMILES,inchikey,kingdom,superclass,CF_class,subclass,direct_parent,molecular_framework
0,CCN(CC)C(=O)C1=CC(C)=CC=C1,InChIKey=MMOXZBCLCQITDF-UHFFFAOYSA-N,Organic compounds,Benzenoids,Benzene and substituted derivatives,Toluenes,"N,N-dialkyl-m-toluamides",Aromatic homomonocyclic compounds
1,OCCOCCOCCOCCO,InChIKey=UWHCKJMYHZGTIT-UHFFFAOYSA-N,Organic compounds,Organic oxygen compounds,Organooxygen compounds,Ethers,Polyethylene glycols,Aliphatic acyclic compounds
2,CCOC(=O)C1=CC=CC=C1C(=O)OCC,InChIKey=FLKPEMZONWLCSK-UHFFFAOYSA-N,Organic compounds,Benzenoids,Benzene and substituted derivatives,Benzoic acids and derivatives,Benzoic acid esters,Aromatic homomonocyclic compounds
3,OCCOCCOCCOCCOCCO,InChIKey=JLFNLZLINWHATN-UHFFFAOYSA-N,Organic compounds,Organic oxygen compounds,Organooxygen compounds,Ethers,Polyethylene glycols,Aliphatic acyclic compounds
4,CCCCCCCCC=CCCCCCCCC(=O)NCC(O)=O,InChIKey=HPFXACZRFJDURI-UHFFFAOYSA-N,Organic compounds,Organic acids and derivatives,Carboxylic acids and derivatives,"Amino acids, peptides, and analogues",N-acyl-alpha amino acids,Aliphatic acyclic compounds
5,CCCCCCCCC=CCCCCCC(=O)OC,InChIKey=FXCDESKKWMGGON-UHFFFAOYSA-N,Organic compounds,Lipids and lipid-like molecules,Fatty Acyls,Fatty acid esters,Fatty acid methyl esters,Aliphatic acyclic compounds
6,CCCCC=CCCCCCCCCCCCC(O)=O,InChIKey=BDLLSHRIFPDGQB-UHFFFAOYSA-N,Organic compounds,Lipids and lipid-like molecules,Fatty Acyls,Fatty acids and conjugates,Long-chain fatty acids,Aliphatic acyclic compounds
7,CCCCCCCCCCCCCCCCCC(O)=N,InChIKey=LYRFLYHAGKPMFH-UHFFFAOYSA-N,Organic compounds,Organic acids and derivatives,Carboximidic acids and derivatives,Carboximidic acids,Carboximidic acids,Aliphatic acyclic compounds
8,CCCCCCCCCCCC(=O)N(CCO)CCO,InChIKey=AOMUHOFOVNGZAN-UHFFFAOYSA-N,Organic compounds,Lipids and lipid-like molecules,Fatty Acyls,Fatty amides,N-acyl amines,Aliphatic acyclic compounds
9,CCCCCCCCC=CCCCCCCCCCCCC(O)=O,InChIKey=DPUOLQHDNGRHBS-UHFFFAOYSA-N,Organic compounds,Lipids and lipid-like molecules,Fatty Acyls,Fatty acids and conjugates,Very long-chain fatty acids,Aliphatic acyclic compounds
10,CCCCCCCCCCCC(=O)NCCC[N+](C)(C)CC([O-])=O,InChIKey=MRUAUOIMASANKQ-UHFFFAOYSA-N,Organic compounds,Organic acids and derivatives,Carboxylic acids and derivatives,"Amino acids, peptides, and analogues",Alpha amino acids,Aliphatic acyclic compounds
11,CCCCCCCCCCCCCCCCCC(=O)OCC(O)C1OCC(O)C1O,InChIKey=HVUMOYIDDBPOLL-UHFFFAOYSA-N,Organic compounds,Lipids and lipid-like molecules,Fatty Acyls,Fatty acid esters,Fatty acid esters,Aliphatic heteromonocyclic compounds
12,CCN(CC)C1=CC2=[O+]C3=C(C=CC(=C3)N(CC)CC)C(C3=CC=CC=C3C(O)=O)=C2C=C1,InChIKey=CVAVMIODJQHEEH-UHFFFAOYSA-O,Organic compounds,Organoheterocyclic compounds,Benzopyrans,1-benzopyrans,Xanthenes,Aromatic heteropolycyclic compounds
13,None,None,None,None,None,None,None,None
14,CCCCCCCCCCCCCCCCOCC(COP([O-])(=O)OCC[N+](C)(C)C)OC(C)=O,InChIKey=HVAUUPRFYPCOCA-UHFFFAOYSA-N,Organic compounds,Lipids and lipid-like molecules,Glycerophospholipids,Glycerophosphocholines,"1-alkyl,2-acetylglycero-3-phosphocholines",Aliphatic acyclic compounds
15,CC(=O)OC1CC(C)(C)C(=C=CC(C)=CC=CC(C)=CC=CC=C(C)C=CC=C(C)C(=O)CC23OC2(C)CC(O)CC3(C)C)C(C)(O)C1,InChIKey=SJWWTRQNNRNTPU-UHFFFAOYSA-N,Organic compounds,Lipids and lipid-like molecules,Prenol lipids,Tetraterpenoids,Xanthophylls,Aliphatic heteropolycyclic compounds
16,CC(N)CC1=CC2=C(OCC2)C=C1,InChIKey=PZTJXZKNTPCPJL-UHFFFAOYSA-N,Organic compounds,Organoheterocyclic compounds,Coumarans,,Coumarans,Aromatic heteropolycyclic compounds
17,CCCCCC(O)C=CC1C(O)CC2OC(=O)CC12,InChIKey=UMDQPEMZJHAFNL-UHFFFAOYSA-N,Organic compounds,Lipids and lipid-like molecules,Fatty Acyls,Fatty alcohols,Fatty alcohols,Aliphatic heteropolycyclic compounds
18,CC12CCC3C(CC=C4CC(O)CCC34C)C1CCC2O,InChIKey=QADHLRWLCPCEKT-UHFFFAOYSA-N,Organic compounds,Lipids and lipid-like molecules,Steroids and steroid derivatives,Androstane steroids,Androgens and derivatives,Aliphatic homopolycyclic compounds
19,OC(=O)C1=CC=NC2=CC=CC=C12,InChIKey=VQMSRUREDGBWKT-UHFFFAOYSA-N,Organic compounds,Organoheterocyclic compounds,Quinolines and derivatives,Quinoline carboxylic acids,Quinoline carboxylic acids,Aromatic heteropolycyclic compounds
20,CC1=C2OC(C)(CCC(O)=O)CCC2=CC(O)=C1,InChIKey=BNVXCCQXUZCRSR-UHFFFAOYSA-N,Organic compounds,Organoheterocyclic compounds,Benzopyrans,1-benzopyrans,1-benzopyrans,Aromatic heteropolycyclic compounds
21,CC1(C)CCCC2(C)C1CC=C(C=O)C2C=O,InChIKey=AZJUJOFIHHNCSV-UHFFFAOYSA-N,Organic compounds,Organic oxygen compounds,Organic oxides,,Organic oxides,Aliphatic homopolycyclic compounds
22,CCCCNS(=O)(=O)C1=CC=CC=C1,InChIKey=IPRJXAGUEGOFGG-UHFFFAOYSA-N,Organic compounds,Benzenoids,Benzene and substituted derivatives,Benzenesulfonamides,Benzenesulfonamides,Aromatic homomonocyclic compounds
23,None,None,None,None,None,None,None,None
24,CC1=CC2=C(C=C1C)N=C1C(=O)NC(=O)NC1=N2,InChIKey=ZJTJUVIJVLLGSP-UHFFFAOYSA-N,Organic compounds,Organoheterocyclic compounds,Pteridines and derivatives,Alloxazines and isoalloxazines,Flavins,Aromatic heteropolycyclic compounds
25,CC(C=CC1(O)C(C)=CC(=O)CC1(C)C)=CC(O)=O,InChIKey=JLIDBLDQVAYHNE-UHFFFAOYSA-N,Organic compounds,Lipids and lipid-like molecules,Prenol lipids,Sesquiterpenoids,Abscisic acids and derivatives,Aliphatic homomonocyclic compounds
26,CC(C)CC(NC(=O)C(N)CC1=CC=CC=C1)C(O)=O,InChIKey=RFCVXVPWSPOMFJ-UHFFFAOYSA-N,Organic compounds,Organic acids and derivatives,Carboxylic acids and derivatives,"Amino acids, peptides, and analogues",Dipeptides,Aromatic homomonocyclic compounds
27,None,None,None,None,None,None,None,None
28,CC12CCC3C(CC=C4CC(O)CCC34C)C1CC(O)C2=O,InChIKey=QQIVKFZWLZJXJT-UHFFFAOYSA-N,Organic compounds,Lipids and lipid-like molecules,Steroids and steroid derivatives,Androstane steroids,Androgens and derivatives,Aliphatic homopolycyclic compounds
29,CC(C=CC=C(C)C1CNC(C1CC(O)=O)C(O)=O)C(O)=O,InChIKey=VZFRNCSOCOPNDB-UHFFFAOYSA-N,Organic compounds,Organic acids and derivatives,Carboxylic acids and derivatives,"Amino acids, peptides, and analogues",Kainoids,Aliphatic heteromonocyclic compounds
30,CC(CCl)OP(=O)(OC(C)CCl)OC(C)CCl,InChIKey=KVMPUXDNESXNOH-UHFFFAOYSA-N,Organic compounds,Organic acids and derivatives,Organic phosphoric acids and derivatives,Phosphate esters,Trialkyl phosphates,Aliphatic acyclic compounds
31,CC(Cl)COP(=O)(OCC(C)Cl)OCC(C)Cl,InChIKey=GTRSAMFYSUBAGN-UHFFFAOYSA-N,Organic compounds,Organic acids and derivatives,Organic phosphoric acids and derivatives,Phosphate esters,Trialkyl phosphates,Aliphatic acyclic compounds
32,[H][C@]1(CO)O[C@]([H])([C@]([H])(O)[C@@]([H])(O)[C@]1([H])O)[C@]1([H])C2=C(C(=O)C3=C1C=C(C)C=C3O)C(OC)=C(O)C=C2,InChIKey=RVKRJABUQLMQNO-IPZRHRPYSA-N,Organic compounds,Benzenoids,Anthracenes,,Anthracenes,Aromatic heteropolycyclic compounds
33,None,None,None,None,None,None,None,None
34,CC12CC(O)CC(C)(C)C1=CC(=O)O2,InChIKey=XEVQXKKKAVVSMW-UHFFFAOYSA-N,Organic compounds,Organoheterocyclic compounds,Benzofurans,,Benzofurans,Aliphatic heteropolycyclic compounds
35,CC(O)=NCCC1=CNC2=C1C=C(O)C=C2,InChIKey=MVAWJSIDNICKHF-UHFFFAOYSA-N,Organic compounds,Organoheterocyclic compounds,Indoles and derivatives,Hydroxyindoles,Hydroxyindoles,Aromatic heteropolycyclic compounds
36,CC1CCCC=CC2CC(O)CC2C(O)C=CC(=O)O1,InChIKey=KQNZDYYTLMIZCT-UHFFFAOYSA-N,Organic compounds,Phenylpropanoids and polyketides,Macrolides and analogues,,Macrolides and analogues,Aliphatic heteropolycyclic compounds
37,CC(C)CC(N)C(=O)NC(CC1=CC=CC=C1)C(O)=O,InChIKey=KFKWRHQBZQICHA-UHFFFAOYSA-N,Organic compounds,Organic acids and derivatives,Carboxylic acids and derivatives,"Amino acids, peptides, and analogues",Dipeptides,Aromatic homomonocyclic compounds
38,CCCCCCCCCCCCCCCCCCCCCC(N)=O,InChIKey=ORAWFNKFUWGRJG-UHFFFAOYSA-N,Organic compounds,Lipids and lipid-like molecules,Fatty Acyls,Fatty amides,Fatty amides,Aliphatic acyclic compounds
39,None,None,None,None,None,None,None,None
40,CC1(C)C2CC1C(CC=CCCCC(O)=O)C(C2)NS(=O)(=O)C1=CC=C(I)C=C1,InChIKey=SZNMERGTFJHNSM-UHFFFAOYSA-N,Organic compounds,Lipids and lipid-like molecules,Prenol lipids,Monoterpenoids,Bicyclic monoterpenoids,Aromatic homopolycyclic compounds
41,CCCCCCCCCCCCCC(O)CC(O)COC(C)=O,InChIKey=ZBVKFVTUHVIICH-UHFFFAOYSA-N,Organic compounds,Lipids and lipid-like molecules,Fatty Acyls,Fatty alcohols,Long-chain fatty alcohols,Aliphatic acyclic compounds
42,CCC=CCC=CCC=CCC=CCC1OC1CCCC(=O)OC,InChIKey=BDSCYYACNUKQLZ-UHFFFAOYSA-N,Organic compounds,Lipids and lipid-like molecules,Fatty Acyls,Fatty acid esters,Fatty acid methyl esters,Aliphatic heteromonocyclic compounds
43,None,None,None,None,None,None,None,None
44,CC(C)C(=O)OC(CC([O-])=O)C[N+](C)(C)C,InChIKey=LRCNOZRCYBNMEP-UHFFFAOYSA-N,Organic compounds,Lipids and lipid-like molecules,Fatty Acyls,Fatty acid esters,Acyl carnitines,Aliphatic acyclic compounds
45,CC(C)C(NC(=O)C(N)CC1=CC=CC=C1)C(O)=O,InChIKey=IEHDJWSAXBGJIP-UHFFFAOYSA-N,Organic compounds,Organic acids and derivatives,Carboxylic acids and derivatives,"Amino acids, peptides, and analogues",Dipeptides,Aromatic homomonocyclic compounds
46,CC1=CC(OCC2CN=C(O)O2)=CC(C)=C1,InChIKey=IMWZZHHPURKASS-UHFFFAOYSA-N,Organic compounds,Benzenoids,Phenol ethers,,Phenol ethers,Aromatic heteromonocyclic compounds
47,CN(C)C1=NC=NC2=C1NC=N2,InChIKey=BVIAOQMSVZHOJM-UHFFFAOYSA-N,Organic compounds,Organoheterocyclic compounds,Imidazopyrimidines,Purines and purine derivatives,6-alkylaminopurines,Aromatic heteropolycyclic compounds
48,CC(C=CC1=C(C)C(O)CCC1(C)C)=CC=CC(C)=CC(O)=O,InChIKey=KGUMXGDKXYTTEY-UHFFFAOYSA-N,Organic compounds,Lipids and lipid-like molecules,Prenol lipids,Retinoids,Retinoids,Aliphatic homomonocyclic compounds
49,CCCCC(NC(=O)CN)C(O)=O,InChIKey=XVUIZOUTLADVIH-UHFFFAOYSA-N,Organic compounds,Organic acids and derivatives,Carboxylic acids and derivatives,"Amino acids, peptides, and analogues",Dipeptides,Aliphatic acyclic compounds
50,NC(CC(=O)C1=CC=CC=C1N)C(O)=O,InChIKey=YGPSJZOEDVAXAB-UHFFFAOYSA-N,Organic compounds,Organic oxygen compounds,Organooxygen compounds,Carbonyl compounds,Alkyl-phenylketones,Aromatic homomonocyclic compounds
51,CCCCCC=CCC(O)C=CC=CCCC(O)=O,InChIKey=KBOVKDIBOBQLRS-UHFFFAOYSA-N,Organic compounds,Lipids and lipid-like molecules,Fatty Acyls,Fatty acids and conjugates,Long-chain fatty acids,Aliphatic acyclic compounds
52,CC(C)CC(NC(=O)C(N)CO)C(O)=O,InChIKey=NFDYGNFETJVMSE-UHFFFAOYSA-N,Organic compounds,Organic acids and derivatives,Carboxylic acids and derivatives,"Amino acids, peptides, and analogues",Dipeptides,Aliphatic acyclic compounds
53,NCC(=O)NC(Cc1ccccc1)C(O)=O,InChIKey=JBCLFWXMTIKCCB-UHFFFAOYSA-N,Organic compounds,Organic acids and derivatives,Carboxylic acids and derivatives,"Amino acids, peptides, and analogues",Dipeptides,Aromatic homomonocyclic compounds
54,CC(N)C(=O)NC(Cc1ccccc1)C(O)=O,InChIKey=OMNVYXHOSHNURL-UHFFFAOYSA-N,Organic compounds,Organic acids and derivatives,Carboxylic acids and derivatives,"Amino acids, peptides, and analogues",Dipeptides,Aromatic homomonocyclic compounds
55,CCCCCC(=O)OC(CC([O-])=O)C[N+](C)(C)C,InChIKey=VVPRQWTYSNDTEA-UHFFFAOYSA-N,Organic compounds,Lipids and lipid-like molecules,Fatty Acyls,Fatty acid esters,Acyl carnitines,Aliphatic acyclic compounds
56,CC(C)CC(NC(=O)C(N)CCC(O)=O)C(O)=O,InChIKey=YBAFDPFAUTYYRW-UHFFFAOYSA-N,Organic compounds,Organic acids and derivatives,Carboxylic acids and derivatives,"Amino acids, peptides, and analogues",Dipeptides,Aliphatic acyclic compounds
57,NC(CC1=CC=CC=C1)C(=O)NC(CCC(N)=O)C(O)=O,InChIKey=KLAONOISLHWJEE-UHFFFAOYSA-N,Organic compounds,Organic acids and derivatives,Carboxylic acids and derivatives,"Amino acids, peptides, and analogues",Dipeptides,Aromatic homomonocyclic compounds
58,NC(CCC(N)=O)C(=O)NC(CC1=CC=CC=C1)C(O)=O,InChIKey=VHLZDSUANXBJHW-UHFFFAOYSA-N,Organic compounds,Organic acids and derivatives,Carboxylic acids and derivatives,"Amino acids, peptides, and analogues",Dipeptides,Aromatic homomonocyclic compounds
59,NCCCCC(N)C(=O)NC(CC1=CC=CC=C1)C(O)=O,InChIKey=QCZYYEFXOBKCNQ-UHFFFAOYSA-N,Organic compounds,Organic acids and derivatives,Carboxylic acids and derivatives,"Amino acids, peptides, and analogues",Dipeptides,Aromatic homomonocyclic compounds
60,CCC=CCC=CCC=CCC1OC1CC=CCCCC(O)=O,InChIKey=YKIOHMXLFWMWKD-UHFFFAOYSA-N,Organic compounds,Lipids and lipid-like molecules,Fatty Acyls,Fatty acids and conjugates,Long-chain fatty acids,Aliphatic heteromonocyclic compounds
61,CC12CCC3C(CC(O)C4=CC(=O)CCC34C)C1CCC2O,InChIKey=XSEGWEUVSZRCBC-UHFFFAOYSA-N,Organic compounds,Lipids and lipid-like molecules,Steroids and steroid derivatives,Androstane steroids,Androgens and derivatives,Aliphatic homopolycyclic compounds
62,CCCCCCC=CCCCCCCCC(=O)OCC(O)CO,InChIKey=KVYUBFKSKZWZSV-UHFFFAOYSA-N,Organic compounds,Lipids and lipid-like molecules,Glycerolipids,Monoradylglycerols,1-monoacylglycerols,Aliphatic acyclic compounds
63,None,None,None,None,None,None,None,None
64,CCCCCCCCCCCCCC(=O)OC(CC([O-])=O)C[N+](C)(C)C,InChIKey=PSHXNVGSVNEJBD-UHFFFAOYSA-N,Organic compounds,Lipids and lipid-like molecules,Fatty Acyls,Fatty acid esters,Acyl carnitines,Aliphatic acyclic compounds
65,CCCCCCCCCCCC(=O)OCC(O)COP([O-])(=O)OCC[N+](C)(C)C,InChIKey=BWKILASWCLJPBO-UHFFFAOYSA-N,Organic compounds,Lipids and lipid-like molecules,Glycerophospholipids,Glycerophosphocholines,1-acyl-sn-glycero-3-phosphocholines,Aliphatic acyclic compounds
66,CC(=O)N(O)CCCCCNC(=O)CCC(=O)N(O)CCCCCNC(=O)CCC(O)=O,InChIKey=VJQANBSDAGCDJE-UHFFFAOYSA-N,Organic compounds,Lipids and lipid-like molecules,Fatty Acyls,Fatty amides,N-acyl amines,Aliphatic acyclic compounds
67,C[C@H](CCC(=O)NCCS(O)(=O)=O)[C@H]1CC[C@H]2[C@@H]3C[C@H](O)[C@@H]4C[C@H](O)CC[C@]4(C)[C@H]3CC[C@]12C,InChIKey=HMXPOCDLAFAFNT-BHYUGXBJSA-N,Organic compounds,Lipids and lipid-like molecules,Steroids and steroid derivatives,"Bile acids, alcohols and derivatives",Taurinated bile acids and derivatives,Aliphatic homopolycyclic compounds
68,CCCCCCCCCCCCCC(=O)OCC(O)COP([O-])(=O)OCC[N+](C)(C)C,InChIKey=VXUOFDJKYGDUJI-UHFFFAOYSA-N,Organic compounds,Lipids and lipid-like molecules,Glycerophospholipids,Glycerophosphocholines,1-acyl-sn-glycero-3-phosphocholines,Aliphatic acyclic compounds
69,CCCCCCCCCCCCCCCCOCC(O)COP([O-])(=O)OCC[N+](C)(C)C,InChIKey=VLBPIWYTPAXCFJ-UHFFFAOYSA-N,Organic compounds,Lipids and lipid-like molecules,Glycerophospholipids,Glycerophosphocholines,Monoalkylglycerophosphocholines,Aliphatic acyclic compounds
70,CCCCCCCCCCCCCCCC(=O)OCC(O)COP(O)(=O)OCC(O)CO,InChIKey=BVJSKAUUFXBDOB-UHFFFAOYSA-N,Organic compounds,Lipids and lipid-like molecules,Glycerophospholipids,Glycerophosphoglycerols,Lysophosphatidylglycerols,Aliphatic acyclic compounds
71,CC1=C2CC3C(=C)CCCC3(C)CC2(O)OC1=O,InChIKey=FBMORZZOJSDNRQ-UHFFFAOYSA-N,Organic compounds,Lipids and lipid-like molecules,Prenol lipids,Terpene lactones,"Eudesmanolides, secoeudesmanolides, and derivatives",Aliphatic heteropolycyclic compounds
72,CCCCCCCCCCCCCC(=O)OCC(O)CO,InChIKey=DCBSHORRWZKAKO-UHFFFAOYSA-N,Organic compounds,Lipids and lipid-like molecules,Glycerolipids,Monoradylglycerols,1-monoacylglycerols,Aliphatic acyclic compounds
73,CC(CCC(=O)NCCS(O)(=O)=O)C1CCC2C3C(O)CC4CC(O)CCC4(C)C3CCC12C,InChIKey=BHTRKEVKTKCXOH-UHFFFAOYSA-N,Organic compounds,Lipids and lipid-like molecules,Steroids and steroid derivatives,"Bile acids, alcohols and derivatives",Taurinated bile acids and derivatives,Aliphatic homopolycyclic compounds
74,CC12CCC3C(CC3(C)C)C(=C)CCC1O2,InChIKey=NVEQFIOZRFFVFW-UHFFFAOYSA-N,Organic compounds,Lipids and lipid-like molecules,Prenol lipids,Sesquiterpenoids,Sesquiterpenoids,Aliphatic heteropolycyclic compounds
75,CC(C)=CCNC1=C2N=CN=C2NC=N1,InChIKey=HYVABZIGRDEKCD-UHFFFAOYSA-N,Organic compounds,Organoheterocyclic compounds,Imidazopyrimidines,Purines and purine derivatives,6-alkylaminopurines,Aromatic heteropolycyclic compounds
76,CC(C)=CCCC(C)(O)C1CCC(C)=CC1,InChIKey=RGZSQWQPBWRIAQ-UHFFFAOYSA-N,Organic compounds,Lipids and lipid-like molecules,Prenol lipids,Sesquiterpenoids,Sesquiterpenoids,Aliphatic homomonocyclic compounds
77,NC(CO)C(=O)NC(CC1=CC=CC=C1)C(O)=O,InChIKey=PPQRSMGDOHLTBE-UHFFFAOYSA-N,Organic compounds,Organic acids and derivatives,Carboxylic acids and derivatives,"Amino acids, peptides, and analogues",Dipeptides,Aromatic homomonocyclic compounds
78,NC(CCC(O)=O)C(=O)NC(CC1=CC=C(O)C=C1)C(O)=O,InChIKey=YSWHPLCDIMUKFE-UHFFFAOYSA-N,Organic compounds,Organic acids and derivatives,Carboxylic acids and derivatives,"Amino acids, peptides, and analogues",Dipeptides,Aromatic homomonocyclic compounds
79,CC(O)COC(C)COC(C)COC(C)COC(C)COC(C)COC(C)COC(C)COC(C)CO,InChIKey=DXVLAUMXGHQKAV-UHFFFAOYSA-N,Organic compounds,Organic oxygen compounds,Organooxygen compounds,Alcohols and polyols,Secondary alcohols,Aliphatic acyclic compounds
80,CC(N)CC1=CC=C(C)C=C1,InChIKey=ZDHZDWSHLNBTEB-UHFFFAOYSA-N,Organic compounds,Benzenoids,Benzene and substituted derivatives,Phenethylamines,Amphetamines and derivatives,Aromatic homomonocyclic compounds
81,OP(=O)(OC1=CC=CC=C1)OC1=CC=CC=C1,InChIKey=ASMQGLCHMVWBQR-UHFFFAOYSA-N,Organic compounds,Organic acids and derivatives,Organic phosphoric acids and derivatives,Phosphate esters,Aryl phosphodiesters,Aromatic homomonocyclic compounds
82,CCCCCC=CCC=CCCCCCCCC(=O)OC(CO)CO,InChIKey=IEPGNWMPIFDNSD-UHFFFAOYSA-N,Organic compounds,Lipids and lipid-like molecules,Fatty Acyls,Lineolic acids and derivatives,Lineolic acids and derivatives,Aliphatic acyclic compounds
83,CC(C)=CCCC(C)=CCCC(C)=CCO,InChIKey=CRDAMVZIKSXKFV-UHFFFAOYSA-N,Organic compounds,Lipids and lipid-like molecules,Prenol lipids,Sesquiterpenoids,Sesquiterpenoids,Aliphatic acyclic compounds
84,CCCCCCCCC=CCCCCCCCC(=O)OCC(O)COP(O)(=O)OCC(O)CO,InChIKey=FQQQKGAFQIIGLQ-UHFFFAOYSA-N,Organic compounds,Lipids and lipid-like molecules,Glycerophospholipids,Glycerophosphoglycerols,Lysophosphatidylglycerols,Aliphatic acyclic compounds
85,None,None,None,None,None,None,None,None
86,None,None,None,None,None,None,None,None
87,None,None,None,None,None,None,None,None
88,NC(CCC(=O)NC(CSSCC(NC(=O)CCC(N)C(O)=O)C(=O)NCC(O)=O)C(=O)NCC(O)=O)C(O)=O,InChIKey=YPZRWBKMTBYPTK-UHFFFAOYSA-N,Organic compounds,Organic acids and derivatives,Carboxylic acids and derivatives,"Amino acids, peptides, and analogues",Oligopeptides,Aliphatic acyclic compounds
89,CC(C)(CO)C(O)C(=O)NCCC(O)=O,InChIKey=GHOKWGTUZJEAQD-UHFFFAOYSA-N,Organic compounds,Organic acids and derivatives,Carboxylic acids and derivatives,"Amino acids, peptides, and analogues",Beta amino acids and derivatives,Aliphatic acyclic compounds
90,O=C1C=CC(=O)C2=CC=CC=C12,InChIKey=FRASJONUBLZVQX-UHFFFAOYSA-N,Organic compounds,Benzenoids,Naphthalenes,Naphthoquinones,Naphthoquinones,Aromatic homopolycyclic compounds
91,COC(=O)C(CC(C)C)NC(=O)C(N)CC(C)C,InChIKey=AJMOLNFDYWTVQW-UHFFFAOYSA-N,Organic compounds,Organic acids and derivatives,Carboxylic acids and derivatives,"Amino acids, peptides, and analogues",Peptides,Aliphatic acyclic compounds
92,OCC1OC2OC3C(CO)OC(OC4C(CO)OC(OC5C(CO)OC(OC6C(CO)OC(OC7C(CO)OC(OC1C(O)C2O)C(O)C7O)C(O)C6O)C(O)C5O)C(O)C4O)C(O)C3O,InChIKey=HFHDHCJBZVLPGP-UHFFFAOYSA-N,Organic compounds,Organic oxygen compounds,Organooxygen compounds,Carbohydrates and carbohydrate conjugates,Oligosaccharides,Aliphatic heteropolycyclic compounds
93,CC(CO)=CCNC1=NC=NC2=C1NC=N2,InChIKey=UZKQTCBAMSWPJD-UHFFFAOYSA-N,Organic compounds,Organoheterocyclic compounds,Imidazopyrimidines,Purines and purine derivatives,6-alkylaminopurines,Aromatic heteropolycyclic compounds
94,CCCCCCCCCCCCCCCC(=O)OCC(COP(O)(=O)OCC(O)CO)OC(=O)CCCCCCCC=CCC=CCCCCC,InChIKey=ATBOMIWRCZXYSZ-UHFFFAOYSA-N,Organic compounds,Lipids and lipid-like molecules,Glycerophospholipids,Glycerophosphoglycerols,Phosphatidylglycerols,Aliphatic acyclic compounds
95,CC(CCCC(C)(C)O)C1CCC2C3CC=C4CC(O)CCC4(C)C3CCC12C,InChIKey=INBGSXNNRGWLJU-UHFFFAOYSA-N,Organic compounds,Lipids and lipid-like molecules,Steroids and steroid derivatives,Cholestane steroids,Cholesterols and derivatives,Aliphatic homopolycyclic compounds
96,CCCCCCC=CCCCCCCCC(=O)OCC(COC(=O)CCCCCCCC=CCCCCCC)OC(=O)CCCCCCCC=CCCCCCC,InChIKey=SKGWNZXOCSYJQL-UHFFFAOYSA-N,Organic compounds,Lipids and lipid-like molecules,Glycerolipids,Triradylcglycerols,Triacylglycerols,Aliphatic acyclic compounds
97,CCCCCCCCCCCCCC(=O)OC,InChIKey=ZAZKJZBWRNNLDS-UHFFFAOYSA-N,Organic compounds,Lipids and lipid-like molecules,Fatty Acyls,Fatty acid esters,Fatty acid methyl esters,Aliphatic acyclic compounds
98,NC1=NC(=O)N(C=C1)[C@@H]1O[C@H](COP(O)(O)=O)[C@@H](O)[C@H]1O,InChIKey=IERHLVCPSMICTF-XVFCMESISA-N,Organic compounds,"Nucleosides, nucleotides, and analogues",Pyrimidine nucleotides,Pyrimidine ribonucleotides,Pyrimidine ribonucleoside monophosphates,Aromatic heteromonocyclic compounds
99,CC(C)C(C)C=CC(C)C1CCC2C3CC=C4CC(O)CCC4(C)C3CCC12C,InChIKey=OILXMJHPFNGGTO-UHFFFAOYSA-N,Organic compounds,Lipids and lipid-like molecules,Steroids and steroid derivatives,Ergostane steroids,Ergosterols and derivatives,Aliphatic homopolycyclic compounds
100,CCCCCCCCCCCCCCC(O)C(N)CO,InChIKey=KFQUQCFJDMSIJF-UHFFFAOYSA-N,Organic compounds,Organic nitrogen compounds,Organonitrogen compounds,Amines,"1,2-aminoalcohols",Aliphatic acyclic compounds
101,CCC=CCC=CCC=CCC=CC=CC(O)CCCC(O)=O,InChIKey=FTAGQROYQYQRHF-UHFFFAOYSA-N,Organic compounds,Lipids and lipid-like molecules,Fatty Acyls,Eicosanoids,Hydroxyeicosapentaenoic acids,Aliphatic acyclic compounds
102,CC(C)C[C@H](NC(=O)[C@@H](N)C(C)C)C(=O)N1CCC[C@H]1C(=O)N[C@@H](C(C)C)C(=O)N1CCCC1C(=O)N[C@@H](CCC(N)=O)C(O)=O,InChIKey=KSIHMACFIAFKIG-FSFMBLRGSA-N,Organic compounds,Organic acids and derivatives,Carboxylic acids and derivatives,"Amino acids, peptides, and analogues",Oligopeptides,Aliphatic heteromonocyclic compounds
103,None,None,None,None,None,None,None,None
104,CCC(C)C1NC(=O)C(CCC(O)=O)N(C)C(=O)C(C(C)C)N(C)C(=O)CNC(=O)C2CCCN2C(=O)C(CC2=CC=CC=C2)NC(=O)C(OC(=O)C(CCC(O)=O)N(C)C(=O)C(NC(=O)C2CCCN2C1=O)C(C)C)C(C)CC,InChIKey=VKZXVDMHCBCMCO-UHFFFAOYSA-N,Organic compounds,Organic acids and derivatives,Peptidomimetics,Depsipeptides,Cyclic depsipeptides,Aromatic heteropolycyclic compounds
105,CCCCCCCCCCCCCCCC(=O)OC(CC([O-])=O)C[N+](C)(C)C,InChIKey=XOMRRQXKHMYMOC-UHFFFAOYSA-N,Organic compounds,Lipids and lipid-like molecules,Fatty Acyls,Fatty acid esters,Acyl carnitines,Aliphatic acyclic compounds
106,CCCC(=O)C(NC)C1=CC=CC=C1,InChIKey=ILGRTMNCRBDXBI-UHFFFAOYSA-N,Organic compounds,Organic nitrogen compounds,Organonitrogen compounds,Amines,Aralkylamines,Aromatic homomonocyclic compounds
107,CCC=CCC=CCC=CCCCCCCCC(=O)OCC(O)CO,InChIKey=GGJRAQULURVTAJ-UHFFFAOYSA-N,Organic compounds,Lipids and lipid-like molecules,Fatty Acyls,Lineolic acids and derivatives,Lineolic acids and derivatives,Aliphatic acyclic compounds
108,NC1=C2N=CN(C3OC(CO)C(O)C3O)C2=CC(Cl)=N1,InChIKey=LIDWXUGNGGWNEU-UHFFFAOYSA-N,Organic compounds,"Nucleosides, nucleotides, and analogues","Imidazole[4,5-c]pyridine ribonucleosides and ribonucleotides",,"Imidazole[4,5-c]pyridine ribonucleosides and ribonucleotides",Aromatic heteropolycyclic compounds
109,NCCC1=CC=CC=C1,InChIKey=BHHGXPLMPWCGHP-UHFFFAOYSA-N,Organic compounds,Benzenoids,Benzene and substituted derivatives,Phenethylamines,Phenethylamines,Aromatic homomonocyclic compounds
110,COC(=O)CCCCC(=O)OC,InChIKey=UDSFAEKRVUSQDD-UHFFFAOYSA-N,Organic compounds,Lipids and lipid-like molecules,Fatty Acyls,Fatty acid esters,Fatty acid methyl esters,Aliphatic acyclic compounds
111,OCC1OC(C(O)C1O)N1C=NC2=C1NC(=O)NC2=O,InChIKey=UBORTCNDUKBEOP-UHFFFAOYSA-N,Organic compounds,"Nucleosides, nucleotides, and analogues",Purine nucleosides,,Purine nucleosides,Aromatic heteropolycyclic compounds
112,CC(=O)NCCC(=O)NC(CC1=CN=CN1)C(O)=O,InChIKey=BKAYIFDRRZZKNF-UHFFFAOYSA-N,Organic compounds,Organic acids and derivatives,Peptidomimetics,Hybrid peptides,Hybrid peptides,Aromatic heteromonocyclic compounds
113,CCC1=CC(O)=C(Cl)C(C)=C1Cl,InChIKey=GMHTUWZTSIUNIM-UHFFFAOYSA-N,Organic compounds,Benzenoids,Benzene and substituted derivatives,Halobenzenes,Dichlorobenzenes,Aromatic homomonocyclic compounds
114,None,None,None,None,None,None,None,None
115,COC1=CC(C=CCO)=CC(OC)=C1O,InChIKey=LZFOPEXOUVTGJS-UHFFFAOYSA-N,Organic compounds,Benzenoids,Phenols,Methoxyphenols,Methoxyphenols,Aromatic homomonocyclic compounds
116,CN1C=[N+](C2OC(CO)C(O)C2O)C2=C1C([O-])=NC(N)=N2,InChIKey=OGHAROSJZRTIOK-UHFFFAOYSA-N,Organic compounds,"Nucleosides, nucleotides, and analogues",Purine nucleosides,,Purine nucleosides,Aromatic heteropolycyclic compounds
117,OC(=O)CC1=CNC2=C1C=C(O)C=C2,InChIKey=DUUGKQCEGZLZNO-UHFFFAOYSA-N,Organic compounds,Organoheterocyclic compounds,Indoles and derivatives,Indolyl carboxylic acids and derivatives,Indole-3-acetic acid derivatives,Aromatic heteropolycyclic compounds
118,CC1=C(C=CC(Cl)=C1)S(=O)(=O)NCC1C2CCC(CC2)C1C=CCCCC(O)=O,InChIKey=VVEXPDRCGCQELD-UHFFFAOYSA-N,Organic compounds,Benzenoids,Benzene and substituted derivatives,Benzenesulfonamides,Benzenesulfonamides,Aromatic homopolycyclic compounds
119,COC(=O)CCCCCCCC(=O)OC,InChIKey=DRUKNYVQGHETPO-UHFFFAOYSA-N,Organic compounds,Lipids and lipid-like molecules,Fatty Acyls,Fatty acid esters,Fatty acid methyl esters,Aliphatic acyclic compounds
120,CCCCCCCCCCCCCCCCOCC(COP([O-])(=O)OCC[N+](C)(C)C)OC(=O)NC,InChIKey=FNFHZBKBDFRYHS-UHFFFAOYSA-N,Organic compounds,Lipids and lipid-like molecules,Glycerophospholipids,Glycerophosphocholines,Glycerophosphocholines,Aliphatic acyclic compounds
121,CC(C)CCCCCCCCCCCCC(O)=NC(CC1=CC=CC=C1)C(O)=O,InChIKey=WICAPTTWPBEVPW-UHFFFAOYSA-N,Organic compounds,Organic acids and derivatives,Carboxylic acids and derivatives,"Amino acids, peptides, and analogues",Phenylalanine and derivatives,Aromatic homomonocyclic compounds
122,OCC1=C(O)C=C2C(=O)C3=CC=CC=C3C(=O)C2=C1O,InChIKey=AMIDUPFSOUCLQB-UHFFFAOYSA-N,Organic compounds,Benzenoids,Anthracenes,Anthraquinones,Hydroxyanthraquinones,Aromatic homopolycyclic compounds
123,CC12CCC3C(C)(C)CCCC3(C)C1CC(=O)O2,InChIKey=IMKJGXCIJJXALX-UHFFFAOYSA-N,Organic compounds,Organoheterocyclic compounds,Naphthofurans,,Naphthofurans,Aliphatic heteropolycyclic compounds
124,ClCCCOP(=O)(OCCCCl)OCCCCl,InChIKey=WOURXYYHORRGQO-UHFFFAOYSA-N,Organic compounds,Organic acids and derivatives,Organic phosphoric acids and derivatives,Phosphate esters,Trialkyl phosphates,Aliphatic acyclic compounds
125,NC(CC1=CC=C(O)C=C1)C(=O)NC(CCC(N)=O)C(O)=O,InChIKey=UBAQSAUDKMIEQZ-UHFFFAOYSA-N,Organic compounds,Organic acids and derivatives,Carboxylic acids and derivatives,"Amino acids, peptides, and analogues",Dipeptides,Aromatic homomonocyclic compounds
126,COC(=O)C12CCC(C)C(C)C1C1=CCC3C4(C)CCC(O)C(C)(C)C4CCC3(C)C1(C)CC2,InChIKey=YCBSMEKEDOHEQI-UHFFFAOYSA-N,Organic compounds,Lipids and lipid-like molecules,Prenol lipids,Triterpenoids,Triterpenoids,Aliphatic homopolycyclic compounds
127,OC(=O)C1=CC=C(O1)C(O)=O,InChIKey=CHTHALBTIRVDBM-UHFFFAOYSA-N,Organic compounds,Organoheterocyclic compounds,Furans,Furoic acid and derivatives,Furoic acids,Aromatic heteromonocyclic compounds
128,CCOC(=O)C=CC1=CC=C(O)C=C1,InChIKey=ZOQCEVXVQCPESC-UHFFFAOYSA-N,Organic compounds,Phenylpropanoids and polyketides,Cinnamic acids and derivatives,Hydroxycinnamic acids and derivatives,Coumaric acid esters,Aromatic homomonocyclic compounds
129,CC(=O)NC1=CC2=C(C=C1)C1=CC=CC=C1C2,InChIKey=CZIHNRWJTSTCEX-UHFFFAOYSA-N,Organic compounds,Benzenoids,Fluorenes,,Fluorenes,Aromatic homopolycyclic compounds
130,CCCCCCCCCCCCCCCC(=O)OCC(COP([O-])(=O)OCC[N+](C)(C)C)OC(=O)CCCCCCCC(O)=O,InChIKey=GHQQYDSARXURNG-UHFFFAOYSA-N,Organic compounds,Lipids and lipid-like molecules,Glycerophospholipids,Glycerophosphocholines,Phosphatidylcholines,Aliphatic acyclic compounds
131,CCCCCC=CC=CC=O,InChIKey=JZQKTMZYLHNFPL-UHFFFAOYSA-N,Organic compounds,Organic oxygen compounds,Organooxygen compounds,Carbonyl compounds,Medium-chain aldehydes,Aliphatic acyclic compounds
132,CC(C)CC(N)C(=O)NCC(=O)NC(CC(C)C)C(O)=O,InChIKey=HYIFFZAQXPUEAU-UHFFFAOYSA-N,Organic compounds,Organic acids and derivatives,Carboxylic acids and derivatives,"Amino acids, peptides, and analogues",Oligopeptides,Aliphatic acyclic compounds
133,CCOC(=O)C=Cc1ccc(O)c(O)c1,InChIKey=WDKYDMULARNCIS-UHFFFAOYSA-N,Organic compounds,Phenylpropanoids and polyketides,Cinnamic acids and derivatives,Hydroxycinnamic acids and derivatives,Coumaric acids and derivatives,Aromatic homomonocyclic compounds
134,CC(C)CC(=O)OC(CC([O-])=O)C[N+](C)(C)C,InChIKey=IGQBPDJNUXPEMT-UHFFFAOYSA-N,Organic compounds,Lipids and lipid-like molecules,Fatty Acyls,Fatty acid esters,Acyl carnitines,Aliphatic acyclic compounds
135,CCOC(=O)C1=CC=C(C=C1)N(C)C,InChIKey=FZUGPQWGEGAKET-UHFFFAOYSA-N,Organic compounds,Benzenoids,Benzene and substituted derivatives,Benzoic acids and derivatives,Benzoic acid esters,Aromatic homomonocyclic compounds
136,NC1=NC(=O)C2=C(N1)N(C=N2)C1OC(CO)C(O)C1O,InChIKey=NYHBQMYGNKIUIF-UHFFFAOYSA-N,Organic compounds,"Nucleosides, nucleotides, and analogues",Purine nucleosides,,Purine nucleosides,Aromatic heteropolycyclic compounds
137,CNC(C)C(=O)C1=C(C)C(C)=CC=C1,InChIKey=APVRHNHXZXFDLN-UHFFFAOYSA-N,Organic compounds,Organic oxygen compounds,Organooxygen compounds,Carbonyl compounds,Alkyl-phenylketones,Aromatic homomonocyclic compounds
138,CC1CCC(C=C(C)C(O)=O)C2=C(C)CCC12,InChIKey=FEBNTWHYQKGEIQ-UHFFFAOYSA-N,Organic compounds,Lipids and lipid-like molecules,Prenol lipids,Sesquiterpenoids,Sesquiterpenoids,Aliphatic homopolycyclic compounds
139,CC1=C(CCO)SC=[N+]1CC1=CN=C(C)N=C1N,InChIKey=JZRWCGZRTZMZEH-UHFFFAOYSA-N,Organic compounds,Organoheterocyclic compounds,Diazines,Pyrimidines and pyrimidine derivatives,Thiamines,Aromatic heteromonocyclic compounds
140,CN1C=NC2=C1C(=O)N(C)C(=O)N2C,InChIKey=RYYVLZVUVIJVGH-UHFFFAOYSA-N,Organic compounds,Organoheterocyclic compounds,Imidazopyrimidines,Purines and purine derivatives,Xanthines,Aromatic heteropolycyclic compounds
141,CCCCCCCCCCCCCCCC(=O)OCC(O)COP([O-])(=O)OCC[N+](C)(C)C,InChIKey=ASWBNKHCZGQVJV-UHFFFAOYSA-N,Organic compounds,Lipids and lipid-like molecules,Glycerophospholipids,Glycerophosphocholines,1-acyl-sn-glycero-3-phosphocholines,Aliphatic acyclic compounds
142,CCCCCC=CCC=CCC=CCC=CCCCC(=O)OC(CO)CO,InChIKey=RCRCTBLIHCHWDZ-UHFFFAOYSA-N,Organic compounds,Lipids and lipid-like molecules,Endocannabinoids,,Endocannabinoids,Aliphatic acyclic compounds
143,C1CCC2OCCOCCOCCOC3CCCCC3OCCOCCOCCOC2C1,InChIKey=QMLGNDFKJAFKGZ-UHFFFAOYSA-N,Organic compounds,Organic oxygen compounds,Organooxygen compounds,Ethers,Dialkyl ethers,Aliphatic heteropolycyclic compounds
144,CCC1=CC=CC(C)=C1N(C(C)COC)C(=O)CCl,InChIKey=WVQBLGZPHOPPFO-UHFFFAOYSA-N,Organic compounds,Benzenoids,Benzene and substituted derivatives,Anilides,Anilides,Aromatic homomonocyclic compounds
145,CCCCCCC=CCCCCCCCCCC(O)=O,InChIKey=UWHZIFQPPBDJPM-UHFFFAOYSA-N,Organic compounds,Lipids and lipid-like molecules,Fatty Acyls,Fatty acids and conjugates,Long-chain fatty acids,Aliphatic acyclic compounds
146,CCC(C)C(NC(=O)C(N)CO)C(O)=O,InChIKey=BXLYSRPHVMCOPS-UHFFFAOYSA-N,Organic compounds,Organic acids and derivatives,Carboxylic acids and derivatives,"Amino acids, peptides, and analogues",Dipeptides,Aliphatic acyclic compounds
147,COC(=O)C1=COC(OC2OC(CO)C(O)C(O)C2O)C2C(C)CC(=O)C12,InChIKey=HLXRWTJXGMHOFN-UHFFFAOYSA-N,Organic compounds,Lipids and lipid-like molecules,Prenol lipids,Terpene glycosides,Iridoid O-glycosides,Aliphatic heteropolycyclic compounds
148,NC1=NC(=O)C2=C(N1)N(C1OC(CO)C(O)C1O)C(=O)N2,InChIKey=FPGSEBKFEJEOSA-UHFFFAOYSA-N,Organic compounds,"Nucleosides, nucleotides, and analogues",Purine nucleosides,,Purine nucleosides,Aromatic heteropolycyclic compounds
149,C[C@H](CCC(O)=O)[C@H]1CC[C@H]2[C@@H]3CC[C@@H]4C[C@H](O)CC[C@]4(C)[C@H]3C[C@H](O)[C@]12C,InChIKey=KXGVEGMKQFWNSR-LLQZFEROSA-N,Organic compounds,Lipids and lipid-like molecules,Steroids and steroid derivatives,"Bile acids, alcohols and derivatives","Dihydroxy bile acids, alcohols and derivatives",Aliphatic homopolycyclic compounds
150,COC(=O)C(N)CC1=CC(O)=C(O)C=C1,InChIKey=XBBDACCLCFWBSI-UHFFFAOYSA-N,Organic compounds,Organic acids and derivatives,Carboxylic acids and derivatives,"Amino acids, peptides, and analogues",Tyrosine and derivatives,Aromatic homomonocyclic compounds
151,O=C(Nc1ccccc1)c1ccccc1,InChIKey=ZVSKZLHKADLHSD-UHFFFAOYSA-N,Organic compounds,Benzenoids,Benzene and substituted derivatives,Anilides,Benzanilides,Aromatic homomonocyclic compounds
152,CCOC1=CC=CC=C1OC(C1CNCCO1)C1=CC=CC=C1,InChIKey=CBQGYUDMJHNJBX-UHFFFAOYSA-N,Organic compounds,Benzenoids,Phenol ethers,,Phenol ethers,Aromatic heteromonocyclic compounds
153,CCC(N1CCCC1)C(=O)C1=CC=CS1,InChIKey=NGVNNJYFJYTCCO-UHFFFAOYSA-N,Organic compounds,Organic oxygen compounds,Organooxygen compounds,Carbonyl compounds,Aryl alkyl ketones,Aromatic heteromonocyclic compounds
154,CC1=CCC(C)(C)C=CC(=O)C(C)=CCC1,InChIKey=GIHNTRQPEMKFKO-UHFFFAOYSA-N,Organic compounds,Lipids and lipid-like molecules,Prenol lipids,Sesquiterpenoids,Sesquiterpenoids,Aliphatic homomonocyclic compounds
155,None,None,None,None,None,None,None,None
156,None,None,None,None,None,None,None,None
157,[H][C@](N)(CCC(O)=N[C@@]([H])(CC1=CC=CC=C1)C(O)=O)C(O)=O,InChIKey=XHHOHZPNYFQJKL-QWRGUYRKSA-N,Organic compounds,Organic acids and derivatives,Carboxylic acids and derivatives,"Amino acids, peptides, and analogues",Phenylalanine and derivatives,Aromatic homomonocyclic compounds
158,COC1=C(O)C=CC(CCC(O)=O)=C1,InChIKey=BOLQJTPHPSDZHR-UHFFFAOYSA-N,Organic compounds,Phenylpropanoids and polyketides,Phenylpropanoic acids,,Phenylpropanoic acids,Aromatic homomonocyclic compounds
159,CCC(C)C(N)C(=O)NC(CC1=CC=CC=C1)C(O)=O,InChIKey=WMDZARSFSMZOQO-UHFFFAOYSA-N,Organic compounds,Organic acids and derivatives,Carboxylic acids and derivatives,"Amino acids, peptides, and analogues",Dipeptides,Aromatic homomonocyclic compounds
160,CC(=O)NC(C(O)CC(=O)C(O)=O)C(O)C(O)C(O)CO,InChIKey=KBGAYAKRZNYFFG-UHFFFAOYSA-N,Organic compounds,Organic oxygen compounds,Organooxygen compounds,Carbohydrates and carbohydrate conjugates,Sugar acids and derivatives,Aliphatic acyclic compounds
161,CC(N)(CC(=O)C1=CC=CC=C1N)C(O)=O,InChIKey=PQEUTGZYJPUCNX-UHFFFAOYSA-N,Organic compounds,Organic oxygen compounds,Organooxygen compounds,Carbonyl compounds,Alkyl-phenylketones,Aromatic homomonocyclic compounds
162,CCCCCCCCCCCC(=O)OCC(COP([O-])(=O)OCC[N+](C)(C)C)OC(=O)CCCCCCCCCCC,InChIKey=IJFVSSZAOYLHEE-UHFFFAOYSA-N,Organic compounds,Lipids and lipid-like molecules,Glycerophospholipids,Glycerophosphocholines,Phosphatidylcholines,Aliphatic acyclic compounds
163,CCCC1=C(C)C(C(O)=O)=C(CCC(O)=O)O1,InChIKey=WMCQWXZMVIETAO-UHFFFAOYSA-N,Organic compounds,Lipids and lipid-like molecules,Fatty Acyls,Fatty acids and conjugates,Furanoid fatty acids,Aromatic heteromonocyclic compounds
164,CSCCC(N)C(=O)N1CCCC1C(O)=O,InChIKey=DZMGFGQBRYWJOR-UHFFFAOYSA-N,Organic compounds,Organic acids and derivatives,Carboxylic acids and derivatives,"Amino acids, peptides, and analogues",Dipeptides,Aliphatic heteromonocyclic compounds
165,C[N+]([O-])(CCO)CC1=CC=CC=C1,InChIKey=MJQPYETZBGKFSD-UHFFFAOYSA-N,Organic compounds,Benzenoids,Benzene and substituted derivatives,,Benzene and substituted derivatives,Aromatic homomonocyclic compounds
166,COCC(CC1=CC(OC)=C(OC)C=C1)C(COC)CC1=CC2=C(OCO2)C(OC)=C1,InChIKey=RCFGIEPQSDGMJJ-UHFFFAOYSA-N,Organic compounds,"Lignans, neolignans and related compounds",Dibenzylbutane lignans,,Dibenzylbutane lignans,Aromatic heteropolycyclic compounds
167,OC(=O)C(O)(C1CCCCC1)c1ccccc1,InChIKey=YTRNSQPXEDGWMR-UHFFFAOYSA-N,Organic compounds,Benzenoids,Benzene and substituted derivatives,,Benzene and substituted derivatives,Aromatic homomonocyclic compounds
168,COC(=O)C(=C1OC(=O)C(=C1O)C1=CC=CC=C1)C1=CC=CC=C1,InChIKey=OMZRMXULWNMRAE-UHFFFAOYSA-N,Organic compounds,Organoheterocyclic compounds,Dihydrofurans,Furanones,Butenolides,Aromatic heteromonocyclic compounds
169,CCCCCCCCCCCCCC=CC(O)C(N)CO,InChIKey=WWUZIQQURGPMPG-UHFFFAOYSA-N,Organic compounds,Organic nitrogen compounds,Organonitrogen compounds,Amines,"1,2-aminoalcohols",Aliphatic acyclic compounds
170,OCC1(CO)N2CCC(CC2)C1=O,InChIKey=RFBVBRVVOPAAFS-UHFFFAOYSA-N,Organic compounds,Organoheterocyclic compounds,Quinuclidines,Quinuclidones,Quinuclidones,Aliphatic heteropolycyclic compounds
171,OCC1OC(OC2=C(OC3=CC(O)=CC(O)=C3C2=O)C2=CC(O)=C(O)C=C2)C(O)C(O)C1O,InChIKey=OVSQVDMCBVZWGM-UHFFFAOYSA-N,Organic compounds,Phenylpropanoids and polyketides,Flavonoids,Flavonoid glycosides,Flavonoid-3-O-glycosides,Aromatic heteropolycyclic compounds
172,CCN(CC)C(=O)C(C)OC1=CC=CC2=CC=CC=C12,InChIKey=WXZVAROIGSFCFJ-UHFFFAOYSA-N,Organic compounds,Benzenoids,Naphthalenes,,Naphthalenes,Aromatic homopolycyclic compounds
173,CC1CC2(C)C(CCC3C4CCC(=O)C4(C)CCC23)CC1O,InChIKey=FDGQIVOIHOIMNK-UHFFFAOYSA-N,Organic compounds,Lipids and lipid-like molecules,Steroids and steroid derivatives,Androstane steroids,Androgens and derivatives,Aliphatic homopolycyclic compounds
174,CCCCCC1=CC(O)=C(CC=C(C)CCC=C(C)C)C(O)=C1,InChIKey=QXACEHWTBCFNSA-UHFFFAOYSA-N,Organic compounds,Lipids and lipid-like molecules,Prenol lipids,Monoterpenoids,Aromatic monoterpenoids,Aromatic homomonocyclic compounds
175,CCNC(CC)C(=O)c1ccc2CCCc2c1,InChIKey=VJXZPPKMTRTYIH-UHFFFAOYSA-N,Organic compounds,Benzenoids,Benzene and substituted derivatives,Butyrophenones,Butyrophenones,Aromatic homopolycyclic compounds
176,COC1=C(OC)C(=O)C(C)=CC1=O,InChIKey=UIXPTCZPFCVOQF-UHFFFAOYSA-N,Organic compounds,Lipids and lipid-like molecules,Prenol lipids,Quinone and hydroquinone lipids,Ubiquinones,Aliphatic homomonocyclic compounds
177,CSCCC(N)C(=O)NC(CC(C)C)C(O)=O,InChIKey=PBOUVYGPDSARIS-UHFFFAOYSA-N,Organic compounds,Organic acids and derivatives,Carboxylic acids and derivatives,"Amino acids, peptides, and analogues",Dipeptides,Aliphatic acyclic compounds
178,CC(=O)C1=C(O)C=CC2=C1OC(=O)C=C2,InChIKey=XWYMACPLPPQCHC-UHFFFAOYSA-N,Organic compounds,Phenylpropanoids and polyketides,Coumarins and derivatives,Hydroxycoumarins,7-hydroxycoumarins,Aromatic heteropolycyclic compounds
179,COC(=O)C(N)C(C)O,InChIKey=TVHCXXXXQNWQLP-UHFFFAOYSA-N,Organic compounds,Organic acids and derivatives,Carboxylic acids and derivatives,"Amino acids, peptides, and analogues",Alpha amino acid esters,Aliphatic acyclic compounds
180,COC(=O)C1=C(OC)C=C2OC(=O)C3=C(C)C(Cl)=C(O)C(Cl)=C3OC2=C1C,InChIKey=RPHAAJGBADUATP-UHFFFAOYSA-N,Organic compounds,Phenylpropanoids and polyketides,Depsides and depsidones,,Depsides and depsidones,Aromatic heteropolycyclic compounds
181,CC(C)CC1=CC=C(C=C1)[C@H](C)C(O)=O,InChIKey=HEFNNWSXXWATRW-JTQLQIEISA-N,Organic compounds,Phenylpropanoids and polyketides,Phenylpropanoic acids,,Phenylpropanoic acids,Aromatic homomonocyclic compounds
182,CCC1=CN=C(C2=NC(C)(C(C)C)C(=O)N2)C(=C1)C(O)=O,InChIKey=XVOKUMIPKHGGTN-UHFFFAOYSA-N,Organic compounds,Organic acids and derivatives,Carboxylic acids and derivatives,"Amino acids, peptides, and analogues",Alpha amino acids and derivatives,Aromatic heteromonocyclic compounds
183,C[N+](C)(C)CCC(=O)C1=CC=CC2=CC=CC=C12,InChIKey=WZJKPXZLQTXALB-UHFFFAOYSA-N,Organic compounds,Benzenoids,Naphthalenes,,Naphthalenes,Aromatic homopolycyclic compounds
184,CC1(O)CCC2C3CCC4CC(=O)OCC4(C)C3CCC12C,InChIKey=QSLJIVKCVHQPLV-UHFFFAOYSA-N,Organic compounds,Lipids and lipid-like molecules,Steroids and steroid derivatives,Steroid lactones,Steroid lactones,Aliphatic heteropolycyclic compounds
185,CCC(=O)C1C(=O)CC(CC1=O)C(O)=O,InChIKey=BUCOQPHDYUOJSI-UHFFFAOYSA-N,Organic compounds,Organic oxygen compounds,Organooxygen compounds,Carbonyl compounds,Beta-diketones,Aliphatic homomonocyclic compounds
186,CCCCCCCCCCCCCCCC(=O)NCCS(O)(=O)=O,InChIKey=LPDJCYFKKSLKRO-UHFFFAOYSA-N,Organic compounds,Lipids and lipid-like molecules,Fatty Acyls,Fatty amides,N-acyl amines,Aliphatic acyclic compounds
187,COC1=C(C)C(OC)=C(C(=O)OC2=C(C)C(O)=C(C(O)=O)C(C)=C2)C(C)=C1,InChIKey=MIJKZXWOOXIEEU-UHFFFAOYSA-N,Organic compounds,Phenylpropanoids and polyketides,Depsides and depsidones,,Depsides and depsidones,Aromatic homomonocyclic compounds
188,COC(=O)CCCCCCCCC(O)=O,InChIKey=OSYQOBUUFRGFNG-UHFFFAOYSA-N,Organic compounds,Lipids and lipid-like molecules,Fatty Acyls,Fatty acids and conjugates,Medium-chain fatty acids,Aliphatic acyclic compounds
189,CCOC(=O)CC1=CNC2=CC=CC=C12,InChIKey=HUDBDWIQSIGUDI-UHFFFAOYSA-N,Organic compounds,Organoheterocyclic compounds,Indoles and derivatives,Indolyl carboxylic acids and derivatives,Indole-3-acetic acid derivatives,Aromatic heteropolycyclic compounds
190,CCCCCCCC(=O)OC(CC([O-])=O)C[N+](C)(C)C,InChIKey=CXTATJFJDMJMIY-UHFFFAOYSA-N,Organic compounds,Lipids and lipid-like molecules,Fatty Acyls,Fatty acid esters,Acyl carnitines,Aliphatic acyclic compounds
191,CC(=O)OC1CCC2C3CCC4=CC(=O)CCC4=C3C=CC12C,InChIKey=CMRJPMODSSEAPL-UHFFFAOYSA-N,Organic compounds,Lipids and lipid-like molecules,Steroids and steroid derivatives,Steroid esters,Steroid esters,Aliphatic homopolycyclic compounds
192,NCCCCCC(O)=O,InChIKey=SLXKOJJOQWFEFD-UHFFFAOYSA-N,Organic compounds,Lipids and lipid-like molecules,Fatty Acyls,Fatty acids and conjugates,Medium-chain fatty acids,Aliphatic acyclic compounds
193,OC(=O)CCCCCCCCCCCCCCC(O)=O,InChIKey=QQHJDPROMQRDLA-UHFFFAOYSA-N,Organic compounds,Lipids and lipid-like molecules,Fatty Acyls,Fatty acids and conjugates,Long-chain fatty acids,Aliphatic acyclic compounds
194,CC(C)C1=CC2=C(C=C1)C1(C)CCCC(C)(C1CC2=O)C(O)=O,InChIKey=MSWJSDLNPCSSNW-UHFFFAOYSA-N,Organic compounds,Lipids and lipid-like molecules,Prenol lipids,Diterpenoids,Diterpenoids,Aromatic homopolycyclic compounds
195,ClC1=CC=C(C=C1)C(C(=O)C1C(=O)C2=CC=CC=C2C1=O)C1=CC=CC=C1,InChIKey=UDHXJZHVNHGCEC-UHFFFAOYSA-N,Organic compounds,Benzenoids,Benzene and substituted derivatives,Diphenylmethanes,Diphenylmethanes,Aromatic homopolycyclic compounds
196,CC(=O)NC(CSC1=CC=CC=C1)C(O)=O,InChIKey=CICOZWHZVMOPJS-UHFFFAOYSA-N,Organic compounds,Organic acids and derivatives,Carboxylic acids and derivatives,"Amino acids, peptides, and analogues",N-acyl-alpha amino acids,Aromatic homomonocyclic compounds
197,CCCC(NCC)C(=O)C1=CC=CC=C1,InChIKey=QQAHEGDXEXIQPR-UHFFFAOYSA-N,Organic compounds,Organic oxygen compounds,Organooxygen compounds,Carbonyl compounds,Alkyl-phenylketones,Aromatic homomonocyclic compounds
198,OCC(OP(O)(O)=O)C(O)=O,InChIKey=GXIURPTVHJPJLF-UHFFFAOYSA-N,Organic compounds,Organic oxygen compounds,Organooxygen compounds,Carbohydrates and carbohydrate conjugates,Sugar acids and derivatives,Aliphatic acyclic compounds
199,CC1CCC2(O)C(C)(C)C3CCC2(C)C1C3,InChIKey=GGHMUJBZYLPWFD-UHFFFAOYSA-N,Organic compounds,Organic oxygen compounds,Organooxygen compounds,Alcohols and polyols,Tertiary alcohols,Aliphatic homopolycyclic compounds
200,CC(O)=NC(CC1=CC=C(O)C=C1)C(O)=O,InChIKey=CAHKINHBCWCHCF-UHFFFAOYSA-N,Organic compounds,Organic acids and derivatives,Carboxylic acids and derivatives,"Amino acids, peptides, and analogues",Tyrosine and derivatives,Aromatic homomonocyclic compounds
201,OCC1OC(C(O)C(O)C1O)C1=C(O)C=C2OC(=CC(=O)C2=C1O)C1=CC(O)=C(O)C=C1,InChIKey=ODBRNZZJSYPIDI-UHFFFAOYSA-N,Organic compounds,Phenylpropanoids and polyketides,Flavonoids,Flavonoid glycosides,Flavonoid C-glycosides,Aromatic heteropolycyclic compounds
202,CC(C=CC=C(C)C=CC1=C(C)C(O)CCC1(C)C)=CC=O,InChIKey=CYVVUYORRQQAQE-UHFFFAOYSA-N,Organic compounds,Lipids and lipid-like molecules,Prenol lipids,Retinoids,Retinoids,Aliphatic homomonocyclic compounds
203,CC(=O)NC(CS)C(O)=O,InChIKey=PWKSKIMOESPYIA-UHFFFAOYSA-N,Organic compounds,Organic acids and derivatives,Carboxylic acids and derivatives,"Amino acids, peptides, and analogues",N-acyl-alpha amino acids,Aliphatic acyclic compounds
204,CC(NC(=O)C1CCCN1C(=O)CN)C(O)=O,InChIKey=GGLIDLCEPDHEJO-UHFFFAOYSA-N,Organic compounds,Organic acids and derivatives,Carboxylic acids and derivatives,"Amino acids, peptides, and analogues",Oligopeptides,Aliphatic heteromonocyclic compounds
205,CCCCCCCCC=CCCCCCCCC(=O)OCC(O)C1OCC(O)C1O,InChIKey=NWGKJDSIEKMTRX-UHFFFAOYSA-N,Organic compounds,Lipids and lipid-like molecules,Fatty Acyls,Fatty acid esters,Fatty acid esters,Aliphatic heteromonocyclic compounds
206,CC12CC(O)C3C(CCC4CC(O)CCC34C)C1CCC2C(=O)CO,InChIKey=RHQQHZQUAMFINJ-UHFFFAOYSA-N,Organic compounds,Lipids and lipid-like molecules,Steroids and steroid derivatives,Hydroxysteroids,21-hydroxysteroids,Aliphatic homopolycyclic compounds
207,CN1C=NC2=C1C(=O)N(C)C(=O)N2C,InChIKey=RYYVLZVUVIJVGH-UHFFFAOYSA-N,Organic compounds,Organoheterocyclic compounds,Imidazopyrimidines,Purines and purine derivatives,Xanthines,Aromatic heteropolycyclic compounds
208,CC(O)=NC1=CC=C2C(CC3=CC(O)=CC=C23)=C1,InChIKey=RAYOKTUAMJNEFH-UHFFFAOYSA-N,Organic compounds,Benzenoids,Fluorenes,,Fluorenes,Aromatic homopolycyclic compounds
209,OC(CCC1=CC=CC=C1)C=CC1C(CC=CCCCC(O)=O)C(O)CC1=O,InChIKey=OAQGPAZDRCBBLD-UHFFFAOYSA-N,Organic compounds,Lipids and lipid-like molecules,Fatty Acyls,Eicosanoids,Prostaglandins and related compounds,Aromatic homomonocyclic compounds
210,CC(C)=CCCC(C)=CCCC(C)=CCCC(C)=CCCC(C)=O,InChIKey=HUCXKZBETONXFO-UHFFFAOYSA-N,Organic compounds,Lipids and lipid-like molecules,Prenol lipids,Diterpenoids,Acyclic diterpenoids,Aliphatic acyclic compounds
211,NCCC1=CC(O)=C(O)C(O)=C1,InChIKey=LCAINUZZHIZKKS-UHFFFAOYSA-N,Organic compounds,Benzenoids,Phenols,Benzenediols,Catecholamines and derivatives,Aromatic homomonocyclic compounds
212,OC(=O)CC(CC1=CC=CC=C1)C(O)=O,InChIKey=GTOFKXZQQDSVFH-UHFFFAOYSA-N,Organic compounds,Phenylpropanoids and polyketides,Phenylpropanoic acids,,Phenylpropanoic acids,Aromatic homomonocyclic compounds
213,OC(=O)CCCCCCCCC=CC(O)=O,InChIKey=MAZWDMBCPDUFDJ-UHFFFAOYSA-N,Organic compounds,Lipids and lipid-like molecules,Fatty Acyls,Fatty acids and conjugates,Medium-chain fatty acids,Aliphatic acyclic compounds
214,CC1=C(CCOP(O)([O-])=O)SC=[N+]1CC1=CN=C(C)N=C1N,InChIKey=HZSAJDVWZRBGIF-UHFFFAOYSA-N,Organic compounds,Organoheterocyclic compounds,Diazines,Pyrimidines and pyrimidine derivatives,Thiamine phosphates,Aromatic heteromonocyclic compounds
215,OC(=O)C1CCCC(C1)C(O)=O,InChIKey=XBZSBBLNHFMTEB-UHFFFAOYSA-N,Organic compounds,Organic acids and derivatives,Carboxylic acids and derivatives,Dicarboxylic acids and derivatives,Dicarboxylic acids and derivatives,Aliphatic homomonocyclic compounds
216,CCOC(=O)C1=CC(O)=CC=C1,InChIKey=MWSMNBYIEBRXAL-UHFFFAOYSA-N,Organic compounds,Benzenoids,Benzene and substituted derivatives,Benzoic acids and derivatives,m-Hydroxybenzoic acid esters,Aromatic homomonocyclic compounds
217,CC1(C)SC2C(N)C(=O)N2C1C(O)=O,InChIKey=NGHVIOIJCVXTGV-UHFFFAOYSA-N,Organic compounds,Organic acids and derivatives,Carboxylic acids and derivatives,"Amino acids, peptides, and analogues",Dipeptides,Aliphatic heteropolycyclic compounds
218,COC(=O)C1=CC(O)=CC(OC)=C1OC1=CC(C)=CC(O)=C1C(O)=O,InChIKey=XOKVHFNTYHPEHN-UHFFFAOYSA-N,Organic compounds,Benzenoids,Benzene and substituted derivatives,Diphenylethers,Diphenylethers,Aromatic homomonocyclic compounds
219,CCCCOC(=O)CCCCCCCCC(=O)OCCCC,InChIKey=PYGXAGIECVVIOZ-UHFFFAOYSA-N,Organic compounds,Lipids and lipid-like molecules,Fatty Acyls,Fatty acid esters,Fatty acid esters,Aliphatic acyclic compounds
220,CC(=O)CCC1C(C)=CCCC1(C)C,InChIKey=JHJCHCSUEGPIGE-UHFFFAOYSA-N,Organic compounds,Lipids and lipid-like molecules,Prenol lipids,Sesquiterpenoids,Sesquiterpenoids,Aliphatic homomonocyclic compounds
221,OC(=O)C(=O)CC1=CNC2=CC=CC=C12,InChIKey=RSTKLPZEZYGQPY-UHFFFAOYSA-N,Organic compounds,Organoheterocyclic compounds,Indoles and derivatives,Indolyl carboxylic acids and derivatives,Indolyl carboxylic acids and derivatives,Aromatic heteropolycyclic compounds
222,CCCC(N1CCCC1)C(=O)C1=CC(OC)=C(O)C=C1,InChIKey=LGTMQHOZRKNUTB-UHFFFAOYSA-N,Organic compounds,Organic oxygen compounds,Organooxygen compounds,Carbonyl compounds,Alkyl-phenylketones,Aromatic heteromonocyclic compounds
223,OC(=O)CC=CCC(O)=O,InChIKey=YHGNXQAFNHCBTK-UHFFFAOYSA-N,Organic compounds,Lipids and lipid-like molecules,Fatty Acyls,Fatty acids and conjugates,Medium-chain fatty acids,Aliphatic acyclic compounds
224,COC(=O)C1=C(O)C=C(OC)C=C1,InChIKey=ZICRWXFGZCVTBZ-UHFFFAOYSA-N,Organic compounds,Benzenoids,Benzene and substituted derivatives,Benzoic acids and derivatives,P-methoxybenzoic acids and derivatives,Aromatic homomonocyclic compounds
225,CCC=CCC=CCC=CCC=CCCCCC(=O)OC,InChIKey=BIRKCHKCDPCDEG-UHFFFAOYSA-N,Organic compounds,Lipids and lipid-like molecules,Fatty Acyls,Lineolic acids and derivatives,Lineolic acids and derivatives,Aliphatic acyclic compounds
226,CC(C)CC([NH3+])C(=O)NC(CCC(O)=O)C([O-])=O,InChIKey=NFNVDJGXRFEYTK-UHFFFAOYSA-N,Organic compounds,Organic acids and derivatives,Carboxylic acids and derivatives,"Amino acids, peptides, and analogues",Dipeptides,Aliphatic acyclic compounds
227,Oc1ccc2oc(=O)ccc2c1,InChIKey=CJIJXIFQYOPWTF-UHFFFAOYSA-N,Organic compounds,Phenylpropanoids and polyketides,Coumarins and derivatives,Hydroxycoumarins,Hydroxycoumarins,Aromatic heteropolycyclic compounds
228,CCC(C)C(NC(=O)C(N)CCCCN)C(O)=O,InChIKey=FMIIKPHLJKUXGE-UHFFFAOYSA-N,Organic compounds,Organic acids and derivatives,Carboxylic acids and derivatives,"Amino acids, peptides, and analogues",Dipeptides,Aliphatic acyclic compounds
229,CC1=CC(OCC(=O)NS(=O)(=O)C2=CC=CC=C2)=CC=C1,InChIKey=SFZYHNAGMAZZMB-UHFFFAOYSA-N,Organic compounds,Benzenoids,Benzene and substituted derivatives,Benzenesulfonamides,Benzenesulfonamides,Aromatic homomonocyclic compounds
230,CC(CCC=C(C)C)C1=CC(O)=C(C)C=C1,InChIKey=FKWGCEDRLNNZOZ-UHFFFAOYSA-N,Organic compounds,Lipids and lipid-like molecules,Prenol lipids,Sesquiterpenoids,Sesquiterpenoids,Aromatic homomonocyclic compounds
231,CC(C(O)=O)C1=CC2=C(SC3=CC=CC=C3C(=O)C2)C=C1,InChIKey=MUXFZBHBYYYLTH-UHFFFAOYSA-N,Organic compounds,Organoheterocyclic compounds,Benzothiepins,Dibenzothiepins,Dibenzothiepins,Aromatic heteropolycyclic compounds
232,CC(C)(C(O)=O)c1ccc(cc1)C(=O)CCCN1CCC(CC1)OC(c1ccccc1)c1ccccc1,InChIKey=XGHOVGYJHWQGCC-UHFFFAOYSA-N,Organic compounds,Benzenoids,Benzene and substituted derivatives,Diphenylmethanes,Diphenylmethanes,Aromatic heteromonocyclic compounds
233,CC(O)=NCCCS(O)(=O)=O,InChIKey=AFCGFAGUEYAMAO-UHFFFAOYSA-N,Organic compounds,Organic acids and derivatives,Organic sulfonic acids and derivatives,Organosulfonic acids and derivatives,Organosulfonic acids,Aliphatic acyclic compounds
234,CC(O)=NC1=CC=CC=C1,InChIKey=FZERHIULMFGESH-UHFFFAOYSA-N,Organic compounds,Benzenoids,Benzene and substituted derivatives,,Benzene and substituted derivatives,Aromatic homomonocyclic compounds
235,CC(C)CC(N)C(=O)NC(CC1=CC=C(O)C=C1)C(O)=O,InChIKey=LHSGPCFBGJHPCY-UHFFFAOYSA-N,Organic compounds,Organic acids and derivatives,Carboxylic acids and derivatives,"Amino acids, peptides, and analogues",Dipeptides,Aromatic homomonocyclic compounds
236,OCCCCCCCC=CC(O)=O,InChIKey=QHBZHVUGQROELI-UHFFFAOYSA-N,Organic compounds,Organic acids and derivatives,Hydroxy acids and derivatives,Medium-chain hydroxy acids and derivatives,Medium-chain hydroxy acids and derivatives,Aliphatic acyclic compounds
237,CC1CC2CCC3OC(=O)C(=C1)C23O,InChIKey=SOIISBQQYAGDKM-UHFFFAOYSA-N,Organic compounds,Organoheterocyclic compounds,Lactones,Gamma butyrolactones,Gamma butyrolactones,Aliphatic heteropolycyclic compounds
238,COC1=C(O)C=C(CCC(=O)C2=C(O)C=C(O)C=C2O)C=C1,InChIKey=RWKSTZADJBEXSQ-UHFFFAOYSA-N,Organic compounds,Phenylpropanoids and polyketides,"Linear 1,3-diarylpropanoids",Chalcones and dihydrochalcones,2'-Hydroxy-dihydrochalcones,Aromatic homomonocyclic compounds
239,OC(=O)CCCCCCCCCCC(O)=O,InChIKey=TVIDDXQYHWJXFK-UHFFFAOYSA-N,Organic compounds,Lipids and lipid-like molecules,Fatty Acyls,Fatty acids and conjugates,Medium-chain fatty acids,Aliphatic acyclic compounds
240,CNC(C)CC1=CC(OC)=C(OC)C=C1,InChIKey=BUWHCARWGYFQPE-UHFFFAOYSA-N,Organic compounds,Benzenoids,Benzene and substituted derivatives,Phenethylamines,Amphetamines and derivatives,Aromatic homomonocyclic compounds
241,CCCCCCCCCCCC=CCCCCC(O)=O,InChIKey=CNVZJPUDSLNTQU-UHFFFAOYSA-N,Organic compounds,Lipids and lipid-like molecules,Fatty Acyls,Fatty acids and conjugates,Long-chain fatty acids,Aliphatic acyclic compounds
242,CCCCC1C(=O)N(N(C1=O)C1=CC=CC=C1)C1=CC=CC=C1,InChIKey=VYMDGNCVAMGZFE-UHFFFAOYSA-N,Organic compounds,Benzenoids,Benzene and substituted derivatives,,Benzene and substituted derivatives,Aromatic heteromonocyclic compounds
243,CCCC(=NOCC=C)C1C(=O)CC(C)(C)C(C(=O)OC)C1=O,InChIKey=MSNWHIVXIUIVPC-UHFFFAOYSA-N,Organic compounds,Organic oxygen compounds,Organooxygen compounds,Carbonyl compounds,Beta-diketones,Aliphatic homomonocyclic compounds
244,CC1=CCCC(C)=CC2OC(=O)C(=C)C2CC1,InChIKey=HRYLQFBHBWLLLL-UHFFFAOYSA-N,Organic compounds,Lipids and lipid-like molecules,Prenol lipids,Terpene lactones,Germacranolides and derivatives,Aliphatic heteropolycyclic compounds
245,C[N+](C)(C)CCOP([O-])(=O)OCC(O)CO,InChIKey=SUHOQUVVVLNYQR-UHFFFAOYSA-N,Organic compounds,Lipids and lipid-like molecules,Glycerophospholipids,Glycerophosphocholines,Glycerophosphocholines,Aliphatic acyclic compounds
246,OC(=O)CCC1=CC=CC=C1O,InChIKey=CJBDUOMQLFKVQC-UHFFFAOYSA-N,Organic compounds,Phenylpropanoids and polyketides,Phenylpropanoic acids,,Phenylpropanoic acids,Aromatic homomonocyclic compounds
247,CC(N)C(=O)NC(CC1=CC=C(O)C=C1)C(O)=O,InChIKey=ALZVPLKYDKJKQU-UHFFFAOYSA-N,Organic compounds,Organic acids and derivatives,Carboxylic acids and derivatives,"Amino acids, peptides, and analogues",Dipeptides,Aromatic homomonocyclic compounds
248,OC(=O)CCCCCCCCCCCCC(O)=O,InChIKey=HQHCYKULIHKCEB-UHFFFAOYSA-N,Organic compounds,Lipids and lipid-like molecules,Fatty Acyls,Fatty acids and conjugates,Long-chain fatty acids,Aliphatic acyclic compounds
249,CN1C(=O)C2=CC=CC=C2C1=O,InChIKey=ZXLYYQUMYFHCLQ-UHFFFAOYSA-N,Organic compounds,Organoheterocyclic compounds,Isoindoles and derivatives,Isoindolines,Phthalimides,Aromatic heteropolycyclic compounds
250,CC1=CCC(CC1)C1(C)CCC(O)C(C)(C)O1,InChIKey=WJHRAVIQWFQMKF-UHFFFAOYSA-N,Organic compounds,Organoheterocyclic compounds,Oxanes,,Oxanes,Aliphatic heteromonocyclic compounds
251,CCC1=CC=CC(=C1)C(=O)C(C)NC,InChIKey=XKZMMQQSZJUMDL-UHFFFAOYSA-N,Organic compounds,Organic oxygen compounds,Organooxygen compounds,Carbonyl compounds,Alkyl-phenylketones,Aromatic homomonocyclic compounds
252,CC(NCC1=CC=CC=C1)C(=O)C1=CC=C(C)C=C1,InChIKey=KWHZRPBDEAQYDE-UHFFFAOYSA-N,Organic compounds,Organic oxygen compounds,Organooxygen compounds,Carbonyl compounds,Alkyl-phenylketones,Aromatic homomonocyclic compounds
253,CC12CCC3C(CCC4CC(O)CCC34C)C1CCC2O,InChIKey=CBMYJHIOYJEBSB-UHFFFAOYSA-N,Organic compounds,Lipids and lipid-like molecules,Steroids and steroid derivatives,Androstane steroids,Androgens and derivatives,Aliphatic homopolycyclic compounds
254,COCCOCCOCCOCCO,InChIKey=ZNYRFEPBTVGZDN-UHFFFAOYSA-N,Organic compounds,Organic oxygen compounds,Organooxygen compounds,Ethers,Polyethylene glycols,Aliphatic acyclic compounds
255,OC(=O)c1c[nH]c2cc(ccc2c1=O)C(F)(F)F,InChIKey=BIRIVPOTERXIOW-UHFFFAOYSA-N,Organic compounds,Organoheterocyclic compounds,Quinolines and derivatives,Quinoline carboxylic acids,Quinoline carboxylic acids,Aromatic heteropolycyclic compounds
256,NC(CC1=CC=C(O)C=C1)C(=O)N1CCCC1C(=O)NC(CC1=CC=CC=C1)C(O)=O,InChIKey=RCMWNNJFKNDKQR-UHFFFAOYSA-N,Organic compounds,Organic acids and derivatives,Carboxylic acids and derivatives,"Amino acids, peptides, and analogues",Oligopeptides,Aromatic heteromonocyclic compounds
257,OC(=O)COC1=NC(Cl)=C(Cl)C=C1Cl,InChIKey=REEQLXCGVXDJSQ-UHFFFAOYSA-N,Organic compounds,Organoheterocyclic compounds,Pyridines and derivatives,Halopyridines,Polyhalopyridines,Aromatic heteromonocyclic compounds
258,CC(C)C12CC1C(C)C(=O)C2,InChIKey=USMNOWBWPHYOEA-UHFFFAOYSA-N,Organic compounds,Lipids and lipid-like molecules,Prenol lipids,Monoterpenoids,Bicyclic monoterpenoids,Aliphatic homopolycyclic compounds
259,COC(=O)C1C2CCC(O2)C1C(=O)OC,InChIKey=HGUPYDNRFPCLSC-UHFFFAOYSA-N,Organic compounds,Organic acids and derivatives,Carboxylic acids and derivatives,Dicarboxylic acids and derivatives,Dicarboxylic acids and derivatives,Aliphatic heteropolycyclic compounds
260,None,None,None,None,None,None,None,None
261,OC1CC(O)C(CC=CCC(O)=O)C1CCC(=O)CCC(O)=O,InChIKey=XSGSZQDCVYMZGQ-UHFFFAOYSA-N,Organic compounds,Lipids and lipid-like molecules,Fatty Acyls,Eicosanoids,Prostaglandins and related compounds,Aliphatic homomonocyclic compounds
262,O=C(CCCCCCCCC(=O)ON1C(=O)CCC1=O)ON1C(=O)CCC1=O,InChIKey=XPKIVYVYXKPGBP-UHFFFAOYSA-N,Organic compounds,Organic acids and derivatives,Carboxylic acids and derivatives,Dicarboxylic acids and derivatives,Dicarboxylic acids and derivatives,Aliphatic heteromonocyclic compounds
263,NC(CCC(=O)NC(CSCC=C)C(O)=O)C(O)=O,InChIKey=FUTHBNRZCFKVQZ-UHFFFAOYSA-N,Organic compounds,Organic acids and derivatives,Carboxylic acids and derivatives,"Amino acids, peptides, and analogues",Dipeptides,Aliphatic acyclic compounds
264,NC(CCC(N)=O)C(=O)NC(CC1=CN=CN1)C(O)=O,InChIKey=JZOYFBPIEHCDFV-UHFFFAOYSA-N,Organic compounds,Organic acids and derivatives,Carboxylic acids and derivatives,"Amino acids, peptides, and analogues",Dipeptides,Aromatic heteromonocyclic compounds
265,CCC1=CC=C(C=CC(=O)NC2=NCCS2)C=C1,InChIKey=MTLJBAFNMHPGBV-UHFFFAOYSA-N,Organic compounds,Phenylpropanoids and polyketides,Cinnamic acids and derivatives,,Cinnamic acids and derivatives,Aromatic heteromonocyclic compounds
266,CCCCCCCCCCCCCCCCCCOCC(COP([O-])(=O)OCC[N+](C)(C)C)OC(C)=O,InChIKey=ZXCIEWBDUAPBJF-UHFFFAOYSA-N,Organic compounds,Lipids and lipid-like molecules,Glycerophospholipids,Glycerophosphocholines,"1-alkyl,2-acetylglycero-3-phosphocholines",Aliphatic acyclic compounds
267,NC(=O)C1CCCN1C(=O)C(CCC(O)=O)NC(=O)C1CCC(=O)N1,InChIKey=HYZBGWLLSXSYLX-UHFFFAOYSA-N,Organic compounds,Organic acids and derivatives,Carboxylic acids and derivatives,"Amino acids, peptides, and analogues",Oligopeptides,Aliphatic heteromonocyclic compounds
268,OCC1OC(CC1O)N1C=NC2=C1NC=NCC2O,InChIKey=FPVKHBSQESCIEP-UHFFFAOYSA-N,Organic compounds,Organoheterocyclic compounds,Imidazodiazepines,,Imidazodiazepines,Aromatic heteropolycyclic compounds
269,CC(=O)CCCC1CC2=C(C(=O)O1)C(O)=CC=C2,InChIKey=KEYNBOUNPFJEST-UHFFFAOYSA-N,Organic compounds,Organoheterocyclic compounds,Benzopyrans,2-benzopyrans,2-benzopyrans,Aromatic heteropolycyclic compounds
270,CCCCCCC=CCCCCCCCCC(O)=O,InChIKey=GDTXICBNEOEPAZ-UHFFFAOYSA-N,Organic compounds,Lipids and lipid-like molecules,Fatty Acyls,Fatty acids and conjugates,Long-chain fatty acids,Aliphatic acyclic compounds
271,CC(C)C(=O)N(C1CCN(CCc2ccccc2)CC1)c1ccc(Cl)cc1,InChIKey=YWHLYGSHOQKCJG-UHFFFAOYSA-N,Organic compounds,Organoheterocyclic compounds,Piperidines,Fentanyls,Fentanyls,Aromatic heteromonocyclic compounds
272,CCCCCCCCCCC(=O)OC,InChIKey=XPQPWPZFBULGKT-UHFFFAOYSA-N,Organic compounds,Lipids and lipid-like molecules,Fatty Acyls,Fatty acid esters,Fatty acid methyl esters,Aliphatic acyclic compounds
273,COC(=O)C1=CN(CC2CCCCC2)C2=CC=CC=C12,InChIKey=KNWOMWABRWXHET-UHFFFAOYSA-N,Organic compounds,Organoheterocyclic compounds,Indoles and derivatives,Indolecarboxylic acids and derivatives,Indolecarboxylic acids and derivatives,Aromatic heteropolycyclic compounds
274,CC(CCCC(C)(C)O)C1CCC2C3C(O)C=C4CC(O)CCC4(C)C3CCC12C,InChIKey=BQMSKLCEWBSPPY-UHFFFAOYSA-N,Organic compounds,Lipids and lipid-like molecules,Steroids and steroid derivatives,Cholestane steroids,Cholesterols and derivatives,Aliphatic homopolycyclic compounds
275,OC(=O)CCCCCCC(=O)NCC(O)=O,InChIKey=HXATVKDSYDWTCX-UHFFFAOYSA-N,Organic compounds,Organic acids and derivatives,Carboxylic acids and derivatives,"Amino acids, peptides, and analogues",N-acyl-alpha amino acids,Aliphatic acyclic compounds
276,CCCCCCCC=CC=CC(O)=O,InChIKey=HQSBWLQFLLMPKC-UHFFFAOYSA-N,Organic compounds,Lipids and lipid-like molecules,Fatty Acyls,Fatty acids and conjugates,Medium-chain fatty acids,Aliphatic acyclic compounds
277,Nc1nc(=O)c2nc(CNc3ccc(cc3)C(=O)NC(CCC(O)=O)C(O)=O)cnc2[nH]1,InChIKey=OVBPIULPVIDEAO-UHFFFAOYSA-N,Organic compounds,Organoheterocyclic compounds,Pteridines and derivatives,Pterins and derivatives,Folic acids,Aromatic heteropolycyclic compounds
278,O=C(CCCCCCC(=O)ON1C(=O)CCC1=O)ON1C(=O)CCC1=O,InChIKey=ZWIBGKZDAWNIFC-UHFFFAOYSA-N,Organic compounds,Organic acids and derivatives,Carboxylic acids and derivatives,Dicarboxylic acids and derivatives,Dicarboxylic acids and derivatives,Aliphatic heteromonocyclic compounds
279,CC=CC=CCCCCCCCO,InChIKey=CSWBSLXBXRFNST-UHFFFAOYSA-N,Organic compounds,Lipids and lipid-like molecules,Fatty Acyls,Fatty alcohols,Fatty alcohols,Aliphatic acyclic compounds
280,CCCCCCC1CCC(=O)O1,InChIKey=IFYYFLINQYPWGJ-UHFFFAOYSA-N,Organic compounds,Organoheterocyclic compounds,Lactones,Gamma butyrolactones,Gamma butyrolactones,Aliphatic heteromonocyclic compounds
281,CC(O)=NC1=CC=C(O)C=C1,InChIKey=RZVAJINKPMORJF-UHFFFAOYSA-N,Organic compounds,Benzenoids,Phenols,1-hydroxy-2-unsubstituted benzenoids,1-hydroxy-2-unsubstituted benzenoids,Aromatic homomonocyclic compounds
282,CC12CC(O)C3C(CCC4CC(O)CCC34C)C1CCC2(O)C(=O)CO,InChIKey=AODPIQQILQLWGS-UHFFFAOYSA-N,Organic compounds,Lipids and lipid-like molecules,Steroids and steroid derivatives,Hydroxysteroids,21-hydroxysteroids,Aliphatic homopolycyclic compounds
283,CC(=O)NC1=CC(O)=CC=C1,InChIKey=QLNWXBAGRTUKKI-UHFFFAOYSA-N,Organic compounds,Benzenoids,Benzene and substituted derivatives,Anilides,Acetanilides,Aromatic homomonocyclic compounds
284,COC(=O)C1=COC(OC2OC(CO)C(O)C(O)C2O)C2C(C)CC(=O)C12O,InChIKey=PRZVXHGUJJPSME-UHFFFAOYSA-N,Organic compounds,Lipids and lipid-like molecules,Prenol lipids,Terpene glycosides,Iridoid O-glycosides,Aliphatic heteropolycyclic compounds
285,COC(=O)CCC(N)C(=O)OC,InChIKey=YEJSPQZHMWGIGP-UHFFFAOYSA-N,Organic compounds,Organic acids and derivatives,Carboxylic acids and derivatives,"Amino acids, peptides, and analogues",Glutamic acid and derivatives,Aliphatic acyclic compounds
286,CCC(N(C)C)C(=O)C1=CC=C(C)C=C1,InChIKey=UKVFBTRCNFUOFU-UHFFFAOYSA-N,Organic compounds,Organic oxygen compounds,Organooxygen compounds,Carbonyl compounds,Alkyl-phenylketones,Aromatic homomonocyclic compounds
287,CC1=C(CC(N)C(O)=O)C(=O)NO1,InChIKey=UUDAMDVQRQNNHZ-UHFFFAOYSA-N,Organic compounds,Organic acids and derivatives,Carboxylic acids and derivatives,"Amino acids, peptides, and analogues",Alpha amino acids,Aromatic heteromonocyclic compounds
288,CCCCC(C)(O)CC=CC1C(O)CC(=O)C1CCCCCCC(=O)OC,InChIKey=OJLOPKGSLYJEMD-UHFFFAOYSA-N,Organic compounds,Lipids and lipid-like molecules,Fatty Acyls,Eicosanoids,Prostaglandins and related compounds,Aliphatic homomonocyclic compounds
289,CCCCCCCCCCCCCC(=O)NC(C)C(O)C1=CC=CC=C1,InChIKey=YLAZEWZHIRBZDA-UHFFFAOYSA-N,Organic compounds,Benzenoids,Benzene and substituted derivatives,Phenylpropanes,Phenylpropanes,Aromatic homomonocyclic compounds
290,CCOC(=O)C1=CNC2=CC=CC=C2C1=O,InChIKey=YBEOYBKKSWUSBR-UHFFFAOYSA-N,Organic compounds,Organoheterocyclic compounds,Quinolines and derivatives,Quinolones and derivatives,Hydroquinolones,Aromatic heteropolycyclic compounds
291,CNC(CCCCN)C(O)=O,InChIKey=OLYPWXRMOFUVGH-UHFFFAOYSA-N,Organic compounds,Organic acids and derivatives,Carboxylic acids and derivatives,"Amino acids, peptides, and analogues",Alpha amino acids,Aliphatic acyclic compounds
292,CCCCCC(=O)CCC1C=CC(=O)C1CC=CCCCC(O)=O,InChIKey=FMKLAIBZMCURLI-UHFFFAOYSA-N,Organic compounds,Lipids and lipid-like molecules,Fatty Acyls,Eicosanoids,Prostaglandins and related compounds,Aliphatic homomonocyclic compounds
293,OCCCCCCCCCCCCCCCC(O)=O,InChIKey=UGAGPNKCDRTDHP-UHFFFAOYSA-N,Organic compounds,Lipids and lipid-like molecules,Fatty Acyls,Fatty acids and conjugates,Long-chain fatty acids,Aliphatic acyclic compounds
294,CNC(C)Cc1ccc2OCCc2c1,InChIKey=PLQTZOCLUHHCOI-UHFFFAOYSA-N,Organic compounds,Organoheterocyclic compounds,Coumarans,,Coumarans,Aromatic heteropolycyclic compounds
295,CC1=NC2=CC=CC=C2NC1=O,InChIKey=BMIMNRPAEPIYDN-UHFFFAOYSA-N,Organic compounds,Organoheterocyclic compounds,Diazanaphthalenes,Benzodiazines,Quinoxalines,Aromatic heteropolycyclic compounds
296,CCCCCCCCCCCCCCCCOCC(COP([O-])(=O)OCC[N+](C)(C)C)OC,InChIKey=RZNRKXGAJMGLIM-UHFFFAOYSA-N,Organic compounds,Lipids and lipid-like molecules,Glycerophospholipids,Glycerophosphocholines,Dialkylglycerol-3-phosphocholines,Aliphatic acyclic compounds
297,CC(C)=CCC[C@](C)(O[C@@H]1O[C@H](CO[C@@H]2O[C@H](CO)[C@@H](O)[C@H](O)[C@H]2O)[C@@H](O)[C@H](O)[C@H]1O)C1CC[C@]2(C)[C@@H]1[C@H](O)CC1[C@@]3(C)CC[C@H](O[C@@H]4O[C@H](CO)[C@@H](O)[C@H](O)[C@H]4O[C@@H]4O[C@H](CO)[C@@H](O)[C@H](O)[C@H]4O)C(C)(C)[C@@H]3CC[C@@]21C,InChIKey=GZYPWOGIYAIIPV-BJUPWKCISA-N,Organic compounds,Lipids and lipid-like molecules,Prenol lipids,Terpene glycosides,Triterpene saponins,Aliphatic heteropolycyclic compounds
298,CCCCCCCCCCCCCC[N+](C)(C)CC1=CC=CC=C1,InChIKey=WNBGYVXHFTYOBY-UHFFFAOYSA-N,Organic compounds,Benzenoids,Benzene and substituted derivatives,Phenylmethylamines,Phenylmethylamines,Aromatic homomonocyclic compounds
299,CC1CCC(C=C(C)C(O)=O)C2=C(C)CC(O)C12,InChIKey=XJNQXTISSHEQKD-UHFFFAOYSA-N,Organic compounds,Lipids and lipid-like molecules,Prenol lipids,Sesquiterpenoids,Sesquiterpenoids,Aliphatic homopolycyclic compounds
300,CCC=CCC1C(CC(O)=O)CCC1=O,InChIKey=ZNJFBWYDHIGLCU-UHFFFAOYSA-N,Organic compounds,Lipids and lipid-like molecules,Fatty Acyls,Lineolic acids and derivatives,Jasmonic acids,Aliphatic homomonocyclic compounds
301,CC(C)CC(N)C(=O)NCC(=O)NCC(O)=O,InChIKey=VWHGTYCRDRBSFI-UHFFFAOYSA-N,Organic compounds,Organic acids and derivatives,Carboxylic acids and derivatives,"Amino acids, peptides, and analogues",Oligopeptides,Aliphatic acyclic compounds
302,NC(CCO)C(O)=O,InChIKey=UKAUYVFTDYCKQA-UHFFFAOYSA-N,Organic compounds,Organic acids and derivatives,Carboxylic acids and derivatives,"Amino acids, peptides, and analogues",Alpha amino acids,Aliphatic acyclic compounds
303,OC(=O)CCCCCCCCCC(O)=O,InChIKey=LWBHHRRTOZQPDM-UHFFFAOYSA-N,Organic compounds,Lipids and lipid-like molecules,Fatty Acyls,Fatty acids and conjugates,Medium-chain fatty acids,Aliphatic acyclic compounds
304,CC(NC(CCC1=CC=CC=C1)C(O)=O)C(=O)N1CCCC1C(O)=O,InChIKey=LZFZMUMEGBBDTC-UHFFFAOYSA-N,Organic compounds,Organic acids and derivatives,Carboxylic acids and derivatives,"Amino acids, peptides, and analogues",Dipeptides,Aromatic heteromonocyclic compounds
305,CCCCCCC(O)=O,InChIKey=MNWFXJYAOYHMED-UHFFFAOYSA-N,Organic compounds,Lipids and lipid-like molecules,Fatty Acyls,Fatty acids and conjugates,Medium-chain fatty acids,Aliphatic acyclic compounds
306,COC(=CC(O)=O)C(=O)C(C)=C,InChIKey=VOUGEZYPVGAPBB-UHFFFAOYSA-N,Organic compounds,Organic acids and derivatives,Keto acids and derivatives,Medium-chain keto acids and derivatives,Medium-chain keto acids and derivatives,Aliphatic acyclic compounds
307,COC(=O)C1COC(C)(C)O1,InChIKey=DOWWCCDWPKGNGX-UHFFFAOYSA-N,Organic compounds,Organic oxygen compounds,Organooxygen compounds,Ethers,Ketals,Aliphatic heteromonocyclic compounds
308,CC(C)c1ccc(C)c(OC(C)=O)c1,InChIKey=OXZSUQJHKQOGOK-UHFFFAOYSA-N,Organic compounds,Lipids and lipid-like molecules,Prenol lipids,Monoterpenoids,Aromatic monoterpenoids,Aromatic homomonocyclic compounds
309,None,None,None,None,None,None,None,None
310,CN(C)C1=CC2=C(C=C1C)N=C1C(=O)NC(=O)N=C1N2CC(O)C(O)C(O)CO,InChIKey=IGQLDUYTWDABFK-UHFFFAOYSA-N,Organic compounds,Organoheterocyclic compounds,Pteridines and derivatives,Alloxazines and isoalloxazines,Alloxazines and isoalloxazines,Aromatic heteropolycyclic compounds
311,CCCCCCCCC1OC(=O)C(=C)C1C(O)=O,InChIKey=VCWLZDVWHQVAJU-UHFFFAOYSA-N,Organic compounds,Organoheterocyclic compounds,Lactones,Gamma butyrolactones,Gamma butyrolactones,Aliphatic heteromonocyclic compounds
312,COC(=O)CCCCCCC1C(O)CC(O)C1CCC(O)CSC1=CC=CC=C1F,InChIKey=WXWNDRIOPFNYII-UHFFFAOYSA-N,Organic compounds,Lipids and lipid-like molecules,Fatty Acyls,Eicosanoids,Prostaglandins and related compounds,Aromatic homomonocyclic compounds
313,OC(=O)CCCCC1SCC2N=C(O)NC12,InChIKey=YBJHBAHKTGYVGT-UHFFFAOYSA-N,Organic compounds,Organoheterocyclic compounds,Biotin and derivatives,,Biotin and derivatives,Aliphatic heteropolycyclic compounds
314,CC(=O)C1CC(CC(O)=O)C1(C)C,InChIKey=SIZDUQQDBXJXLQ-UHFFFAOYSA-N,Organic compounds,Organic oxygen compounds,Organooxygen compounds,Carbonyl compounds,Ketones,Aliphatic homomonocyclic compounds
315,CCCCCCCCC=C(CCCCCCCC(O)=O)[N+]([O-])=O,InChIKey=CQOAKBVRRVHWKV-UHFFFAOYSA-N,Organic compounds,Lipids and lipid-like molecules,Fatty Acyls,Fatty acids and conjugates,Long-chain fatty acids,Aliphatic acyclic compounds
316,None,None,None,None,None,None,None,None
317,CNC(C(C)O)C(O)=O,InChIKey=CCAIIPMIAFGKSI-UHFFFAOYSA-N,Organic compounds,Organic acids and derivatives,Carboxylic acids and derivatives,"Amino acids, peptides, and analogues",Alpha amino acids,Aliphatic acyclic compounds
318,OC(=O)CNC(=O)C1=CC=CC=C1,InChIKey=QIAFMBKCNZACKA-UHFFFAOYSA-N,Organic compounds,Benzenoids,Benzene and substituted derivatives,Benzoic acids and derivatives,Hippuric acids,Aromatic homomonocyclic compounds
319,None,None,None,None,None,None,None,None
320,OC(=O)COCCOCCOCC(O)=O,InChIKey=HJZZQNLKBWJYPD-UHFFFAOYSA-N,Organic compounds,Organic acids and derivatives,Carboxylic acids and derivatives,Dicarboxylic acids and derivatives,Dicarboxylic acids and derivatives,Aliphatic acyclic compounds
321,COC1=C(O)C=CC(\C=C\C(=O)OC2CC3CCC2(C)C3(C)C)=C1,InChIKey=PKAIECBWQZFYRP-SOFGYWHQSA-N,Organic compounds,Phenylpropanoids and polyketides,Cinnamic acids and derivatives,Hydroxycinnamic acids and derivatives,Coumaric acids and derivatives,Aromatic homopolycyclic compounds
322,CC(CC(O)=O)CC(=O)OC(CC([O-])=O)C[N+](C)(C)C,InChIKey=HFCPFJNSBPQJDP-UHFFFAOYSA-N,Organic compounds,Lipids and lipid-like molecules,Fatty Acyls,Fatty acid esters,Acyl carnitines,Aliphatic acyclic compounds
323,CC1OC(OC2CCC3(C)C4CCC5(C)C(CCC5(O)C4CCC3=C2)c2ccc(=O)oc2)C(O)C(O)C1O,InChIKey=MYEJFUXQJGHEQK-UHFFFAOYSA-N,Organic compounds,Lipids and lipid-like molecules,Steroids and steroid derivatives,Steroid lactones,Bufanolides and derivatives,Aromatic heteropolycyclic compounds
324,CC1CC2(OC(C)=O)C(C1OC(=O)CC1=CC=CC=C1)C(OC(C)=O)C1(CO1)CCC1C(C=C(C)C2=O)C1(C)C,InChIKey=SDGDWRYYHQOQOJ-UHFFFAOYSA-N,Organic compounds,Lipids and lipid-like molecules,Prenol lipids,Diterpenoids,Diterpenoids,Aromatic heteropolycyclic compounds
325,COC1=CC2=C(NC=C2CC(O)=O)C=C1,InChIKey=COCNDHOPIHDTHK-UHFFFAOYSA-N,Organic compounds,Organoheterocyclic compounds,Indoles and derivatives,Indolyl carboxylic acids and derivatives,Indole-3-acetic acid derivatives,Aromatic heteropolycyclic compounds
326,CCCC(NC)C(=O)C1=CC2=CC=CC=C2C=C1,InChIKey=DBQUMXBQDKCIAJ-UHFFFAOYSA-N,Organic compounds,Benzenoids,Benzene and substituted derivatives,Butyrophenones,Butyrophenones,Aromatic homopolycyclic compounds
327,CCCCCC(OO)C=CC=O,InChIKey=TVNYLRYVAZWBEH-UHFFFAOYSA-N,Organic compounds,Organic oxygen compounds,Organooxygen compounds,Carbonyl compounds,Medium-chain aldehydes,Aliphatic acyclic compounds
328,OCCCCCCC(C(O)=O)C(=C)C(O)=O,InChIKey=DHVXMTMJTVCPBB-UHFFFAOYSA-N,Organic compounds,Organic acids and derivatives,Hydroxy acids and derivatives,Medium-chain hydroxy acids and derivatives,Medium-chain hydroxy acids and derivatives,Aliphatic acyclic compounds
329,COC1=C(OS(O)(=O)=O)C=CC(CC(O)=O)=C1,InChIKey=IACOAKYXFIWAQN-UHFFFAOYSA-N,Organic compounds,Organic acids and derivatives,Organic sulfuric acids and derivatives,Arylsulfates,Phenylsulfates,Aromatic homomonocyclic compounds
330,CC(CCC=C(C)C)CC(O)=O,InChIKey=GJWSUKYXUMVMGX-UHFFFAOYSA-N,Organic compounds,Lipids and lipid-like molecules,Prenol lipids,Monoterpenoids,Acyclic monoterpenoids,Aliphatic acyclic compounds
331,OC(=O)C1=CC=NC=C1,InChIKey=TWBYWOBDOCUKOW-UHFFFAOYSA-N,Organic compounds,Organoheterocyclic compounds,Pyridines and derivatives,Pyridinecarboxylic acids and derivatives,Pyridinecarboxylic acids,Aromatic heteromonocyclic compounds
332,CN1CC(O)C2=CC(=O)C(=O)C=C12,InChIKey=RPHLQSHHTJORHI-UHFFFAOYSA-N,Organic compounds,Organoheterocyclic compounds,Indoles and derivatives,,Indoles and derivatives,Aliphatic heteropolycyclic compounds
333,CCCCCCCCCCCCCCCCCC(=O)NC(CO)C(O)CCCCCCCCCCCCCCC,InChIKey=KZTJQXAANJHSCE-UHFFFAOYSA-N,Organic compounds,Lipids and lipid-like molecules,Sphingolipids,Ceramides,Long-chain ceramides,Aliphatic acyclic compounds
334,NC(CC1=CN=CN1)C(=O)NC(CC1=CC=CC=C1)C(O)=O,InChIKey=XMAUFHMAAVTODF-UHFFFAOYSA-N,Organic compounds,Organic acids and derivatives,Carboxylic acids and derivatives,"Amino acids, peptides, and analogues",Dipeptides,Aromatic heteromonocyclic compounds
335,[H]C(O)(COC1=CSC=C1)C=CC1([H])C([H])(O)CC([H])(O)C1([H])CC=CCCCC(O)=O,InChIKey=FYBFDIIAPRHIQS-UHFFFAOYSA-N,Organic compounds,Lipids and lipid-like molecules,Fatty Acyls,Eicosanoids,Prostaglandins and related compounds,Aromatic heteromonocyclic compounds
336,CCCCCC(O)C=CC=CC=CC=CC(O)C(O)CCCC(O)=O,InChIKey=IXAQOQZEOGMIQS-UHFFFAOYSA-N,Organic compounds,Lipids and lipid-like molecules,Fatty Acyls,Eicosanoids,Lipoxins,Aliphatic acyclic compounds
337,CNC(=O)CC(C1=CC=CC=C1)C1=NC=CC=C1,InChIKey=CKQJTGWITOTSIE-UHFFFAOYSA-N,Organic compounds,Organoheterocyclic compounds,Pyridines and derivatives,,Pyridines and derivatives,Aromatic heteromonocyclic compounds
338,[H]C(=C([H])C(C)=C([H])C(=O)OC)C([H])=C(C)C([H])=C([H])C1=C(C)C(=O)CCC1(C)C,InChIKey=VTSFDGSDUILKPM-UHFFFAOYSA-N,Organic compounds,Lipids and lipid-like molecules,Prenol lipids,Retinoids,Retinoid esters,Aliphatic homomonocyclic compounds
339,[H][C@@]12N3CCC1=C[C@]([H])(O)[C@@]([H])(O)[C@@]2([H])C1=CC2=C(OCO2)C=C1C3,InChIKey=XGVJWXAYKUHDOO-DANNLKNASA-N,Organic compounds,Alkaloids and derivatives,Amaryllidaceae alkaloids,Lycorine-type amaryllidaceae alkaloids,Lycorine-type amaryllidaceae alkaloids,Aromatic heteropolycyclic compounds
340,CC(=O)OC1=CC=CC2=C1C(=O)C1=C(OC(C)=O)C=C(C=C1C2=O)C(O)=O,InChIKey=TYNLGDBUJLVSMA-UHFFFAOYSA-N,Organic compounds,Benzenoids,Anthracenes,Anthracenecarboxylic acids and derivatives,Anthracenecarboxylic acids,Aromatic homopolycyclic compounds
341,CC1CCC(CC(O)=O)CC1,InChIKey=OQZGYMRYZAKXAF-UHFFFAOYSA-N,Organic compounds,Organic acids and derivatives,Carboxylic acids and derivatives,Carboxylic acids,Carboxylic acids,Aliphatic homomonocyclic compounds
342,O=C1C2CC3CC(C2)CC1C3,InChIKey=IYKFYARMMIESOX-UHFFFAOYSA-N,Organic compounds,Organic oxygen compounds,Organooxygen compounds,Carbonyl compounds,Adamantanones,Aliphatic homopolycyclic compounds
343,COC(=O)C1C(C(C1C1=CC=CC=C1)C1=CC=CC=C1)C(=O)OC,InChIKey=YAQLZIKGHVLJJZ-UHFFFAOYSA-N,Organic compounds,"Lignans, neolignans and related compounds",Cyclobutane lignans,,Cyclobutane lignans,Aromatic homomonocyclic compounds
344,None,None,None,None,None,None,None,None
345,COC(=O)C1=COC(OC2OC(CO)C(O)C(O)C2O)C2C3(C)OC3C(O)C12O,InChIKey=XZVXEPPPQBLGMQ-UHFFFAOYSA-N,Organic compounds,Organic oxygen compounds,Organooxygen compounds,Carbohydrates and carbohydrate conjugates,O-glycosyl compounds,Aliphatic heteropolycyclic compounds
346,CC(CCO)CC[C@@H]1C(=C)CC[C@H]2[C@@]1(C)CCC[C@@]2(C)C(O)=O,InChIKey=NSRKLZRKJJQJLD-KXBJDGJWSA-N,Organic compounds,Lipids and lipid-like molecules,Prenol lipids,Diterpenoids,Diterpenoids,Aliphatic homopolycyclic compounds
347,CC(C)C1=C(O)C(C(O)=O)=C(C)C=C1,InChIKey=FNWNGQGTFICQJU-UHFFFAOYSA-N,Organic compounds,Lipids and lipid-like molecules,Prenol lipids,Monoterpenoids,Aromatic monoterpenoids,Aromatic homomonocyclic compounds
348,None,None,None,None,None,None,None,None
349,CCCCCC1CCC(=O)O1,InChIKey=OALYTRUKMRCXNH-UHFFFAOYSA-N,Organic compounds,Organoheterocyclic compounds,Lactones,Gamma butyrolactones,Gamma butyrolactones,Aliphatic heteromonocyclic compounds
350,COC(=O)CCCCCCC(=O)OC,InChIKey=LNLCRJXCNQABMV-UHFFFAOYSA-N,Organic compounds,Lipids and lipid-like molecules,Fatty Acyls,Fatty acid esters,Fatty acid methyl esters,Aliphatic acyclic compounds
351,CC1(CO)CCCC2(C)C(CCC3=CCOC3=O)C(=C)CCC12,InChIKey=WKKBRRFSRMDTJB-UHFFFAOYSA-N,Organic compounds,Lipids and lipid-like molecules,Prenol lipids,Terpene lactones,Diterpene lactones,Aliphatic heteropolycyclic compounds
352,None,None,None,None,None,None,None,None
353,CCCCCC=CCC=CCC=CCC=CCCCC(=O)OCC(O)CO,InChIKey=DCPCOKIYJYGMDN-UHFFFAOYSA-N,Organic compounds,Lipids and lipid-like molecules,Glycerolipids,Monoradylglycerols,Monoacylglycerols,Aliphatic acyclic compounds
354,CNC(C)C(O)C1=CC=C(O)C=C1,InChIKey=OXFGTKPPFSCSMA-UHFFFAOYSA-N,Organic compounds,Benzenoids,Benzene and substituted derivatives,Phenylpropanes,Phenylpropanes,Aromatic homomonocyclic compounds
355,CC(C)CCCC(C)CCCC(C)CCCC(C)=CCC1=C(C)C(=O)C2=CC=CC=C2C1=O,InChIKey=MBWXNTAXLNYFJB-UHFFFAOYSA-N,Organic compounds,Lipids and lipid-like molecules,Prenol lipids,Quinone and hydroquinone lipids,Vitamin K compounds,Aromatic homopolycyclic compounds
356,OC(C(O)=O)C1=CC(O)=C(O)C=C1,InChIKey=RGHMISIYKIHAJW-UHFFFAOYSA-N,Organic compounds,Benzenoids,Phenols,Benzenediols,Catechols,Aromatic homomonocyclic compounds
357,NC(CCC(=O)NC(CS)C(O)=O)C(O)=O,InChIKey=RITKHVBHSGLULN-UHFFFAOYSA-N,Organic compounds,Organic acids and derivatives,Carboxylic acids and derivatives,"Amino acids, peptides, and analogues",Dipeptides,Aliphatic acyclic compounds
358,COC1=CC(=O)OC(C)=C1C(O)C=CC,InChIKey=XQPQKPDEDMGAPV-UHFFFAOYSA-N,Organic compounds,Organoheterocyclic compounds,Pyrans,Pyranones and derivatives,Pyranones and derivatives,Aromatic heteromonocyclic compounds
359,CCCCCC=CCC=CCC=CCCCCC(=O)OC,InChIKey=JFRWATCOFCPIBM-UHFFFAOYSA-N,Organic compounds,Lipids and lipid-like molecules,Fatty Acyls,Lineolic acids and derivatives,Lineolic acids and derivatives,Aliphatic acyclic compounds
360,COC1=CC=CC(C(O)=O)=C1N,InChIKey=SXOPCLUOUFQBJV-UHFFFAOYSA-N,Organic compounds,Benzenoids,Benzene and substituted derivatives,Benzoic acids and derivatives,M-methoxybenzoic acids and derivatives,Aromatic homomonocyclic compounds
361,CCC(C)C(NC(=O)C(C)N)C(O)=O,InChIKey=ZSOICJZJSRWNHX-UHFFFAOYSA-N,Organic compounds,Organic acids and derivatives,Carboxylic acids and derivatives,"Amino acids, peptides, and analogues",Dipeptides,Aliphatic acyclic compounds
362,O=C1NC(=O)C2=NC=CN=C2N1,InChIKey=UYEUUXMDVNYCAM-UHFFFAOYSA-N,Organic compounds,Organoheterocyclic compounds,Pteridines and derivatives,,Pteridines and derivatives,Aromatic heteropolycyclic compounds
363,NC(Cc1ccccc1)C(=O)NCC(O)=O,InChIKey=GLUBLISJVJFHQS-UHFFFAOYSA-N,Organic compounds,Organic acids and derivatives,Carboxylic acids and derivatives,"Amino acids, peptides, and analogues",Dipeptides,Aromatic homomonocyclic compounds
364,CCOC(=O)NCCCC(=O)NCCC1=CC=CC=C1,InChIKey=HTOYBIILVCHURC-UHFFFAOYSA-N,Organic compounds,Organic acids and derivatives,Carboxylic acids and derivatives,"Amino acids, peptides, and analogues",Gamma amino acids and derivatives,Aromatic homomonocyclic compounds
365,C[N+](C)(C)CCCCCNCC12CC3CC(CC(C3)C1)C2,InChIKey=IWYZMMIPAJDJBN-UHFFFAOYSA-N,Organic compounds,Organic nitrogen compounds,Organonitrogen compounds,Quaternary ammonium salts,Tetraalkylammonium salts,Aliphatic homopolycyclic compounds
366,CCC1(CCC(=O)NC1=O)C1=CC=CC=C1,InChIKey=JMBQKKAJIKAWKF-UHFFFAOYSA-N,Organic compounds,Organoheterocyclic compounds,Piperidines,Phenylpiperidines,Phenylpiperidines,Aromatic heteromonocyclic compounds
367,OC[C@H]1O[C@@](CO)(O[C@H]2O[C@H](CO[C@H]3O[C@H](CO[C@H]4O[C@H](CO)[C@H](O)[C@H](O)[C@H]4O)[C@H](O)[C@H](O)[C@H]3O)[C@@H](O)[C@H](O)[C@H]2O)[C@@H](O)[C@@H]1O,InChIKey=UQZIYBXSHAGNOE-XNSRJBNMSA-N,Organic compounds,Organic oxygen compounds,Organooxygen compounds,Carbohydrates and carbohydrate conjugates,Oligosaccharides,Aliphatic heteromonocyclic compounds
368,CCOC(=O)NC1=CC(OC(=O)NC2=CC=CC=C2)=CC=C1,InChIKey=WZJZMXBKUWKXTQ-UHFFFAOYSA-N,Organic compounds,Benzenoids,Benzene and substituted derivatives,Phenylcarbamic acid esters,Phenylcarbamic acid esters,Aromatic homomonocyclic compounds
369,[H]C(C)(CC)C(=O)C(=O)N(C)[C@@]([H])(C(C)C)C(O)=NCCC1=CC=CC=C1,InChIKey=UWDIQZJVMAKUPJ-LWKPJOBUSA-N,Organic compounds,Lipids and lipid-like molecules,Fatty Acyls,Fatty amides,N-acyl amines,Aromatic homomonocyclic compounds
370,CC(=O)C1CCC2C3CCC4CC(=O)CCC4(C)C3CCC12C,InChIKey=XMRPGKVKISIQBV-UHFFFAOYSA-N,Organic compounds,Lipids and lipid-like molecules,Steroids and steroid derivatives,Pregnane steroids,"Gluco/mineralocorticoids, progestogins and derivatives",Aliphatic homopolycyclic compounds
371,CC1(C)CCC2(CCC3(C)C(=CCC4C5(C)CC(O)C(O)C(C)(C5CCC34C)C(O)=O)C2C1)C(O)=O,InChIKey=IDGXIXSKISLYAC-UHFFFAOYSA-N,Organic compounds,Lipids and lipid-like molecules,Prenol lipids,Triterpenoids,Triterpenoids,Aliphatic homopolycyclic compounds
372,OC1=CC=C(CCC(=O)C2=C(O)C=C(O)C=C2O)C=C1,InChIKey=VGEREEWJJVICBM-UHFFFAOYSA-N,Organic compounds,Phenylpropanoids and polyketides,"Linear 1,3-diarylpropanoids",Chalcones and dihydrochalcones,2'-Hydroxy-dihydrochalcones,Aromatic homomonocyclic compounds
373,CC(C)(C)NCC(O)C1=CC(CO)=C(O)C=C1,InChIKey=NDAUXUAQIAJITI-UHFFFAOYSA-N,Organic compounds,Benzenoids,Benzene and substituted derivatives,Benzyl alcohols,Benzyl alcohols,Aromatic homomonocyclic compounds
374,CC(C)=CCC1=C(O)C=CC(=C1)C(O)=O,InChIKey=LBSJJNAMGVDGCU-UHFFFAOYSA-N,Organic compounds,Benzenoids,Benzene and substituted derivatives,Benzoic acids and derivatives,Hydroxybenzoic acid derivatives,Aromatic homomonocyclic compounds
375,[H]C1(CCC2([H])C3([H])CCC4([H])CC(=O)CCC4(C)C3([H])CCC12C)OS(O)(=O)=O,InChIKey=KYVPWJSGFKNNLD-UHFFFAOYSA-N,Organic compounds,Lipids and lipid-like molecules,Steroids and steroid derivatives,Sulfated steroids,Sulfated steroids,Aliphatic homopolycyclic compounds
376,CCC(C)(C)C(=O)OC1CC(C)C=C2C=CC(C)C(CCC3CC(CC(=O)O3)OC)C12,InChIKey=OLSYISKGDWQZSZ-UHFFFAOYSA-N,Organic compounds,Organoheterocyclic compounds,Lactones,Delta valerolactones,Delta valerolactones,Aliphatic heteropolycyclic compounds
377,COCC1CCCN1S(=O)(=O)C1=CC2=C(NC(=O)C2=O)C=C1,InChIKey=SLQMNVJNDYLJSF-UHFFFAOYSA-N,Organic compounds,Organoheterocyclic compounds,Indoles and derivatives,Indolines,Indolines,Aromatic heteropolycyclic compounds
378,CC1CCC2=C(C1)OC=C2C,InChIKey=YGWKXXYGDYYFJU-UHFFFAOYSA-N,Organic compounds,Lipids and lipid-like molecules,Prenol lipids,Monoterpenoids,Aromatic monoterpenoids,Aromatic heteropolycyclic compounds
379,COC(=O)C1C2CCC(CC1OC(=O)C1=CC=CC=C1)N2,InChIKey=AYDBLCSLKNTEJL-UHFFFAOYSA-N,Organic compounds,Benzenoids,Benzene and substituted derivatives,Benzoic acids and derivatives,Benzoic acid esters,Aromatic heteropolycyclic compounds
380,CCC=CCC=CCC(O)C=CC=CC=CC(O)CC=CCCC(O)=O,InChIKey=HLHYXXBCQOUTGK-UHFFFAOYSA-N,Organic compounds,Lipids and lipid-like molecules,Fatty Acyls,Fatty acids and conjugates,Very long-chain fatty acids,Aliphatic acyclic compounds
381,COCC1=C(O)C(C)=NC=C1CO,InChIKey=SVINQHQHARVZFF-UHFFFAOYSA-N,Organic compounds,Organoheterocyclic compounds,Pyridines and derivatives,Pyridoxines,Pyridoxines,Aromatic heteromonocyclic compounds
